url1,url2,similarity
https://www.cm-alliance.com/cybersecurity-blog,https://blog.hubspot.com/marketing/what-is-digital-marketing,0.8923479569716911
https://www.cm-alliance.com/cybersecurity-blog,https://www.theguardian.com/technology/artificialintelligenceai,0.8288759531786443
https://nordlayer.com/learn/network-security/basics/,https://www.fortinet.com/resources/cyberglossary/what-is-network-security,0.9640970605487034
https://nordlayer.com/learn/network-security/basics/,https://www.cisco.com/site/us/en/learn/topics/security/what-is-network-security.html,0.9331280862984944
https://nordlayer.com/learn/network-security/basics/,https://www.trendmicro.com/en_us/what-is/network-security/network-security-basics.html,0.9075227069293613
https://nordlayer.com/learn/network-security/basics/,https://www.fortinet.com/resources/cyberglossary/sd-wan-explained,0.9371970610074322
https://www.fortinet.com/resources/cyberglossary/what-is-network-security,https://www.cisco.com/site/us/en/learn/topics/security/what-is-network-security.html,0.9585285682285042
https://www.fortinet.com/resources/cyberglossary/what-is-network-security,https://www.trendmicro.com/en_us/what-is/network-security/network-security-basics.html,0.947524701682012
https://www.fortinet.com/resources/cyberglossary/what-is-network-security,https://digitdefence.com/blog/fundamentals-of-network-security-in-computer-networks,0.808636416350438
https://www.fortinet.com/resources/cyberglossary/what-is-network-security,https://www.fortinet.com/resources/cyberglossary/sd-wan-explained,0.9349492537134606
https://www.cisco.com/site/us/en/learn/topics/security/what-is-network-security.html,https://www.trendmicro.com/en_us/what-is/network-security/network-security-basics.html,0.9206600591276344
https://www.cisco.com/site/us/en/learn/topics/security/what-is-network-security.html,https://www.fortinet.com/resources/cyberglossary/sd-wan-explained,0.9265764739634236
https://www.trendmicro.com/en_us/what-is/network-security/network-security-basics.html,https://digitdefence.com/blog/fundamentals-of-network-security-in-computer-networks,0.8146788065326962
https://www.trendmicro.com/en_us/what-is/network-security/network-security-basics.html,https://www.fortinet.com/resources/cyberglossary/sd-wan-explained,0.869033295203404
https://en.wikipedia.org/wiki/SD-WAN,https://en.wikipedia.org/wiki/Remote_desktop_software,0.9268537647227315
https://en.wikipedia.org/wiki/SD-WAN,https://en.wikipedia.org/wiki/Artificial_intelligence,0.9012040792870409
https://en.wikipedia.org/wiki/Remote_desktop_software,https://en.wikipedia.org/wiki/Artificial_intelligence,0.8381005329425795
https://www.microsoft.com/en-us/security/business/security-101/what-is-zero-trust-network-access-ztna,https://www.zscaler.com/resources/security-terms-glossary/what-is-zero-trust-network-access,0.867457331575688
https://www.efax.com/,https://sign.dropbox.com/products/dropbox-fax,0.9424638420067388
https://www.efax.com/,https://www.fax.plus/,0.9838992745947835
https://www.efax.com/,https://comfax.com/reviews/free-fax/,0.9048106955648384
https://sign.dropbox.com/products/dropbox-fax,https://www.fax.plus/,0.9491486849438443
https://sign.dropbox.com/products/dropbox-fax,https://comfax.com/reviews/free-fax/,0.8911992853741095
https://www.fax.plus/,https://comfax.com/reviews/free-fax/,0.9111833745000316
https://nytlicensing.com/latest/trends/content-marketing-best-practices-2022/,https://copyblogger.com/content-marketing/,0.9557947996554107
https://nytlicensing.com/latest/trends/content-marketing-best-practices-2022/,https://www.coursera.org/articles/content-strategy,0.8572871362273262
https://nytlicensing.com/latest/trends/content-marketing-best-practices-2022/,https://mailchimp.com/marketing-glossary/content-marketing/,0.9591157132807142
https://copyblogger.com/content-marketing/,https://mailchimp.com/marketing-glossary/content-marketing/,0.9756065285386112
https://developers.google.com/search/docs/fundamentals/seo-starter-guide,https://www.shopify.com/blog/ecommerce-seo-beginners-guide,0.8394809912407665
https://emotive.io/blog/11-essential-digital-marketing-tips,https://simple.wikipedia.org/wiki/Digital_marketing,0.8134511568510544
https://blog.hubspot.com/marketing/what-is-digital-marketing,https://www.theguardian.com/technology/artificialintelligenceai,0.8237286435671595
https://en.wikipedia.org/wiki/Search_engine_optimization,https://simple.wikipedia.org/wiki/Search_engine_optimization,0.9170416272738436
https://en.wikipedia.org/wiki/Content_marketing,https://simple.wikipedia.org/wiki/Content_marketing,0.8900061298497417
https://en.wikipedia.org/wiki/Content_marketing,https://en.wikipedia.org/wiki/Digital_marketing,0.8058729280688236
https://en.wikipedia.org/wiki/Machine_learning,https://simple.wikipedia.org/wiki/Machine_learning,0.9630623055495607
https://en.wikipedia.org/wiki/Machine_learning,https://en.wikipedia.org/wiki/Artificial_intelligence,0.8033993573145064
https://simple.wikipedia.org/wiki/Machine_learning,https://en.wikipedia.org/wiki/Artificial_intelligence,0.8204961564338903
https://en.wikipedia.org/wiki/Artificial_intelligence,https://simple.wikipedia.org/wiki/Artificial_intelligence,0.935172802967153
