url,word_count,sentence_count,flesch_reading_ease,top_keywords,embedding
https://www.cm-alliance.com/cybersecurity-blog,2538,121,31.111092281528812,2025|security|digital|data|business,"[0.05075, 0.89235, 0.01558, 0.0, 0.0, 0.02537, 0.0, 0.0203, 0.12901, 0.0, 0.0, 0.0, 0.0, 0.01189, 0.05767, 0.01558, 0.13429, 0.01494, 0.0, 0.0, 0.0, 0.01494, 0.01171, 0.0, 0.0, 0.14573, 0.0, 0.0, 0.0, 0.14975, 0.06042, 0.0, 0.01848, 0.0, 0.01558, 0.0, 0.03744, 0.05859, 0.0129, 0.0, 0.01189, 0.0, 0.0, 0.0, 0.01087, 0.07324, 0.0, 0.03683, 0.04758, 0.0, 0.0, 0.02053, 0.0, 0.01119, 0.01384, 0.0, 0.0129, 0.0, 0.01592, 0.04347, 0.0, 0.04923, 0.0, 0.0725, 0.0, 0.0, 0.01248, 0.0, 0.0, 0.02496, 0.01525, 0.0, 0.01248, 0.26706, 0.01707, 0.01628, 0.0, 0.05341, 0.04573, 0.01494, 0.0, 0.01269, 0.05513, 0.0, 0.0, 0.0, 0.0, 0.0, 0.0, 0.0, 0.03782, 0.04758, 0.01136, 0.04049, 0.0, 0.0, 0.0, 0.03357, 0.0, 0.0]"
https://www.varonis.com/blog/cybersecurity-tips,1589,81,39.33489914962402,access|data|security|information|ai,"[0.0, 0.0, 0.0, 0.0, 0.0, 0.48303, 0.0, 0.0, 0.26197, 0.0, 0.0, 0.0, 0.0, 0.0, 0.05855, 0.0, 0.02841, 0.0, 0.0, 0.0, 0.0, 0.0, 0.0, 0.0, 0.0, 0.44917, 0.03579, 0.0, 0.08782, 0.0, 0.06134, 0.0, 0.0, 0.0, 0.03954, 0.0, 0.1267, 0.0, 0.0, 0.0, 0.03019, 0.0, 0.0, 0.0, 0.30341, 0.0, 0.0, 0.03117, 0.06038, 0.0, 0.0, 0.15632, 0.0, 0.05681, 0.0, 0.0, 0.0, 0.07586, 0.0404, 0.13791, 0.0, 0.02499, 0.0, 0.0, 0.05804, 0.0, 0.0, 0.0, 0.03718, 0.06335, 0.0, 0.0, 0.0, 0.44062, 0.0, 0.0, 0.0, 0.06779, 0.0, 0.0, 0.0, 0.0644, 0.0, 0.0, 0.0, 0.0, 0.0, 0.0, 0.0, 0.0, 0.144, 0.09058, 0.25951, 0.02569, 0.0, 0.0, 0.0, 0.02841, 0.0, 0.0]"
https://www.cisecurity.org/insights/blog/11-cyber-defense-tips-to-stay-secure-at-work-and-home,946,60,53.37919062720226,use|data|email|security|work,"[0.0, 0.06436, 0.0, 0.0, 0.0, 0.24889, 0.0, 0.0, 0.0, 0.0, 0.0, 0.0, 0.0, 0.11668, 0.05656, 0.0, 0.0, 0.0, 0.0, 0.0, 0.0, 0.0, 0.0, 0.0, 0.0, 0.40842, 0.0, 0.0, 0.05656, 0.0, 0.35559, 0.06327, 0.0, 0.0, 0.0, 0.0, 0.0, 0.0, 0.0, 0.0, 0.05834, 0.0, 0.0, 0.0, 0.10659, 0.0, 0.0, 0.12044, 0.11668, 0.0, 0.0, 0.10068, 0.07807, 0.10978, 0.0, 0.0, 0.0, 0.0, 0.0, 0.15989, 0.19998, 0.04829, 0.0, 0.17779, 0.0, 0.0, 0.0, 0.0, 0.0, 0.0, 0.0, 0.0, 0.0612, 0.32745, 0.0, 0.0, 0.0, 0.0, 0.0, 0.0, 0.06788, 0.06222, 0.0, 0.0, 0.0, 0.0, 0.0, 0.0, 0.0, 0.17633, 0.41736, 0.05834, 0.05571, 0.19857, 0.0, 0.0, 0.0, 0.27444, 0.0, 0.0]"
https://www.cisa.gov/topics/cybersecurity-best-practices,558,24,2.816895161290347,best|security|help|online|information,"[0.0, 0.0, 0.0, 0.0, 0.0, 0.0, 0.0, 0.0, 0.0, 0.0, 0.0, 0.0, 0.0, 0.0, 0.67727, 0.0, 0.10953, 0.0, 0.0, 0.0, 0.0, 0.0, 0.0, 0.0, 0.0, 0.0, 0.0, 0.0, 0.0, 0.0, 0.0, 0.0, 0.0, 0.0, 0.0, 0.0, 0.0, 0.0, 0.0, 0.0, 0.34925, 0.0, 0.0, 0.0, 0.21271, 0.14337, 0.0, 0.12017, 0.0, 0.14337, 0.0, 0.0, 0.0, 0.0, 0.0, 0.0, 0.0, 0.0, 0.0, 0.10635, 0.0, 0.0, 0.0, 0.23653, 0.0, 0.0, 0.12214, 0.0, 0.0, 0.0, 0.14927, 0.0, 0.0, 0.39207, 0.0, 0.0, 0.0, 0.0, 0.0, 0.0, 0.13545, 0.0, 0.10792, 0.0, 0.0, 0.0, 0.0, 0.0, 0.0, 0.0, 0.09254, 0.0, 0.0, 0.09906, 0.0, 0.0, 0.0, 0.0, 0.0, 0.0]"
https://www.qnbtrust.bank/Resources/Learning-Center/Blog/7-cyber-security-tips,0,1,54.72500000000002,,"[0.0, 0.0, 0.0, 0.0, 0.0, 0.0, 0.0, 0.0, 0.0, 0.0, 0.0, 0.0, 0.0, 0.0, 0.0, 0.0, 0.0, 0.0, 0.0, 0.0, 0.0, 0.0, 0.0, 0.0, 0.0, 0.0, 0.0, 0.0, 0.0, 0.0, 0.0, 0.0, 0.0, 0.0, 0.0, 0.0, 0.0, 0.0, 0.0, 0.0, 0.0, 0.0, 0.0, 0.0, 0.0, 0.0, 0.0, 0.0, 0.0, 0.0, 0.0, 0.0, 0.0, 0.0, 0.0, 0.0, 0.0, 0.0, 0.0, 0.0, 0.0, 0.0, 0.0, 0.0, 0.0, 0.0, 0.0, 0.0, 0.0, 0.0, 0.0, 0.0, 0.0, 0.0, 0.0, 0.0, 0.0, 0.0, 0.0, 0.0, 0.0, 0.0, 0.0, 0.0, 0.0, 0.0, 0.0, 0.0, 0.0, 0.0, 0.0, 0.0, 0.0, 0.0, 0.0, 0.0, 0.0, 0.0, 0.0, 0.0]"
https://nordlayer.com/learn/network-security/basics/,1084,88,24.99975924947148,network|security|data|access|model,"[0.0, 0.0, 0.0, 0.0, 0.0, 0.13641, 0.0, 0.0, 0.01734, 0.02294, 0.0, 0.0, 0.0, 0.03197, 0.0, 0.0, 0.01504, 0.0, 0.0, 0.0, 0.0, 0.0, 0.0, 0.0, 0.0, 0.20985, 0.0, 0.0, 0.0155, 0.05032, 0.0, 0.03468, 0.0, 0.0, 0.0, 0.0, 0.0, 0.0, 0.0, 0.0, 0.0, 0.0, 0.0, 0.0, 0.08763, 0.0, 0.0, 0.0, 0.0, 0.01969, 0.0, 0.01379, 0.0, 0.03008, 0.0, 0.0, 0.0, 0.1205, 0.0, 0.0146, 0.76723, 0.05294, 0.0, 0.01624, 0.0, 0.0, 0.0, 0.0, 0.0, 0.01677, 0.0, 0.0, 0.0, 0.55635, 0.0, 0.02188, 0.0, 0.0, 0.0, 0.04017, 0.0, 0.01705, 0.04446, 0.0, 0.0, 0.0, 0.0, 0.0, 0.0, 0.0, 0.01271, 0.01599, 0.03054, 0.0136, 0.0, 0.0, 0.0, 0.0, 0.0, 0.0]"
https://www.fortinet.com/resources/cyberglossary/what-is-network-security,3466,170,19.08972920892495,network|security|access|data|users,"[0.0, 0.0, 0.0, 0.0, 0.0, 0.23844, 0.00915, 0.0, 0.07577, 0.0, 0.0, 0.0, 0.0, 0.0489, 0.01355, 0.0, 0.03287, 0.0, 0.0, 0.0, 0.0, 0.0, 0.00688, 0.02484, 0.02273, 0.1773, 0.0, 0.02171, 0.00677, 0.02199, 0.02129, 0.02273, 0.0, 0.0, 0.00915, 0.0, 0.0, 0.0, 0.0, 0.0, 0.06288, 0.0, 0.0, 0.0, 0.01915, 0.02581, 0.0, 0.0, 0.0, 0.0086, 0.0, 0.02411, 0.00935, 0.0, 0.0, 0.0, 0.0, 0.0, 0.0, 0.01915, 0.68654, 0.02892, 0.0, 0.0, 0.0, 0.0, 0.00733, 0.0, 0.01721, 0.0, 0.01792, 0.0, 0.0, 0.63527, 0.0, 0.0, 0.0, 0.00784, 0.0, 0.0, 0.02439, 0.0, 0.02591, 0.0, 0.0, 0.0, 0.0, 0.0, 0.0, 0.01056, 0.03332, 0.0, 0.09341, 0.02972, 0.0, 0.0, 0.0, 0.06573, 0.0, 0.0]"
https://www.cisco.com/site/us/en/learn/topics/security/what-is-network-security.html,1008,57,29.644400788252966,security|network|access|learn|products,"[0.0, 0.0, 0.05137, 0.0, 0.0, 0.23012, 0.0, 0.0, 0.0, 0.0, 0.0, 0.0, 0.0, 0.07846, 0.01902, 0.0, 0.03691, 0.07392, 0.0, 0.0, 0.0, 0.02464, 0.0, 0.0, 0.02127, 0.08582, 0.0, 0.0, 0.03804, 0.0, 0.03985, 0.0, 0.0, 0.0, 0.02568, 0.0, 0.0, 0.0, 0.0, 0.0, 0.0, 0.0, 0.0, 0.0, 0.08959, 0.0, 0.0, 0.0, 0.1373, 0.0, 0.0, 0.03385, 0.0, 0.01845, 0.0, 0.0, 0.0, 0.0, 0.0, 0.08959, 0.64996, 0.0, 0.0, 0.01993, 0.0, 0.0, 0.10289, 0.0, 0.0, 0.04116, 0.0, 0.0, 0.0, 0.66056, 0.0, 0.0, 0.0, 0.02202, 0.0, 0.0, 0.0, 0.0, 0.0, 0.0, 0.0, 0.0, 0.0, 0.0, 0.0, 0.0, 0.07796, 0.0, 0.0562, 0.0, 0.0, 0.0, 0.0, 0.03691, 0.0, 0.0]"
https://www.trendmicro.com/en_us/what-is/network-security/network-security-basics.html,2014,91,29.1469731771235,security|network|data|access|ai,"[0.0, 0.0, 0.06577, 0.0, 0.0, 0.21429, 0.02192, 0.02858, 0.12712, 0.0, 0.04806, 0.0, 0.0, 0.08372, 0.06494, 0.0, 0.11027, 0.0, 0.0, 0.0, 0.0, 0.02103, 0.0, 0.0, 0.0908, 0.30769, 0.0, 0.0, 0.03247, 0.0527, 0.03402, 0.0, 0.0, 0.0, 0.04385, 0.0, 0.03513, 0.0, 0.01816, 0.0, 0.03349, 0.02764, 0.0, 0.02103, 0.04589, 0.02062, 0.0, 0.0, 0.01674, 0.02062, 0.0, 0.01445, 0.0, 0.0, 0.0, 0.0, 0.0, 0.02103, 0.0, 0.0, 0.51656, 0.01386, 0.0, 0.01701, 0.0, 0.0, 0.0, 0.0, 0.0, 0.0, 0.0, 0.0, 0.0, 0.71424, 0.02403, 0.0, 0.0, 0.0, 0.0, 0.0, 0.0, 0.01786, 0.0, 0.0, 0.0, 0.0, 0.0, 0.0, 0.0, 0.0, 0.09316, 0.0, 0.01599, 0.01425, 0.0, 0.0, 0.0, 0.01575, 0.02858, 0.0]"
https://digitdefence.com/blog/fundamentals-of-network-security-in-computer-networks,1996,113,20.106593999568332,network|security|2025|data|https,"[0.0243, 0.37699, 0.01492, 0.01524, 0.0, 0.25511, 0.0, 0.0, 0.0, 0.0, 0.0, 0.0, 0.0, 0.04556, 0.01104, 0.0, 0.03215, 0.0, 0.0, 0.0, 0.0, 0.18601, 0.0, 0.0135, 0.01235, 0.31896, 0.0405, 0.0, 0.01104, 0.0478, 0.03471, 0.0, 0.07079, 0.0, 0.01492, 0.0, 0.0, 0.01403, 0.0, 0.0531, 0.0, 0.26324, 0.02015, 0.02862, 0.05203, 0.0, 0.0219, 0.0, 0.01139, 0.0, 0.02015, 0.05897, 0.0, 0.01072, 0.0, 0.0, 0.0, 0.0, 0.0, 0.0, 0.5206, 0.00943, 0.04379, 0.0, 0.04379, 0.04193, 0.0, 0.0, 0.0, 0.0239, 0.0, 0.0, 0.01195, 0.49867, 0.0, 0.03118, 0.0, 0.02557, 0.0, 0.01431, 0.02651, 0.01215, 0.01056, 0.0, 0.0, 0.0, 0.0, 0.0, 0.0, 0.08607, 0.02716, 0.09112, 0.05439, 0.00969, 0.0, 0.05164, 0.0, 0.0, 0.09721, 0.0]"
https://guardiandigital.com/resources/blog/guide-on-phishing,948,71,56.76097517307235,email|security|just|need|time,"[0.0, 0.1545, 0.0, 0.0, 0.0, 0.0, 0.0, 0.0, 0.10125, 0.0, 0.0, 0.0, 0.0, 0.0, 0.04526, 0.0, 0.08784, 0.0, 0.0, 0.0, 0.0, 0.0, 0.09192, 0.0, 0.0, 0.1634, 0.05533, 0.0, 0.0, 0.09794, 0.56904, 0.0, 0.0, 0.0, 0.0, 0.0, 0.0, 0.0, 0.0, 0.0, 0.0, 0.0, 0.0, 0.05864, 0.04264, 0.05749, 0.0, 0.43365, 0.09336, 0.0, 0.0, 0.12083, 0.0, 0.04392, 0.0, 0.0, 0.0, 0.0, 0.0, 0.21322, 0.05334, 0.03864, 0.0, 0.0, 0.0, 0.0, 0.0, 0.0, 0.0, 0.09794, 0.05985, 0.0, 0.0, 0.47161, 0.0, 0.0, 0.0, 0.0524, 0.0, 0.0, 0.05431, 0.0, 0.17309, 0.0, 0.0, 0.0, 0.0, 0.0, 0.0, 0.07055, 0.0371, 0.0, 0.13374, 0.0, 0.0, 0.0, 0.0, 0.13175, 0.0, 0.0]"
https://cofense.com/blog,3,1,62.79000000000002,,"[0.0, 0.0, 0.0, 0.0, 0.0, 0.0, 0.0, 0.0, 0.0, 0.0, 0.0, 0.0, 0.0, 0.0, 0.0, 0.0, 0.0, 0.0, 0.0, 0.0, 0.0, 0.0, 0.0, 0.0, 0.0, 0.0, 0.0, 0.0, 0.0, 0.0, 0.0, 0.0, 0.0, 0.0, 0.0, 0.0, 0.0, 0.0, 0.0, 0.0, 0.0, 0.0, 0.0, 0.0, 0.0, 0.0, 0.0, 0.0, 0.0, 0.0, 0.0, 0.0, 0.0, 0.0, 0.0, 0.0, 0.0, 0.0, 0.0, 0.0, 0.0, 0.0, 0.0, 0.0, 0.0, 0.0, 0.0, 0.0, 0.0, 0.0, 0.0, 0.0, 0.0, 0.0, 0.0, 0.0, 0.0, 0.0, 0.0, 0.0, 0.0, 0.0, 0.0, 0.0, 0.0, 0.0, 0.0, 0.0, 0.0, 0.0, 0.0, 0.0, 0.0, 0.0, 0.0, 0.0, 0.0, 0.0, 0.0, 0.0]"
https://www.connectwise.com/blog/phishing-prevention-tips,0,1,54.72500000000002,,"[0.0, 0.0, 0.0, 0.0, 0.0, 0.0, 0.0, 0.0, 0.0, 0.0, 0.0, 0.0, 0.0, 0.0, 0.0, 0.0, 0.0, 0.0, 0.0, 0.0, 0.0, 0.0, 0.0, 0.0, 0.0, 0.0, 0.0, 0.0, 0.0, 0.0, 0.0, 0.0, 0.0, 0.0, 0.0, 0.0, 0.0, 0.0, 0.0, 0.0, 0.0, 0.0, 0.0, 0.0, 0.0, 0.0, 0.0, 0.0, 0.0, 0.0, 0.0, 0.0, 0.0, 0.0, 0.0, 0.0, 0.0, 0.0, 0.0, 0.0, 0.0, 0.0, 0.0, 0.0, 0.0, 0.0, 0.0, 0.0, 0.0, 0.0, 0.0, 0.0, 0.0, 0.0, 0.0, 0.0, 0.0, 0.0, 0.0, 0.0, 0.0, 0.0, 0.0, 0.0, 0.0, 0.0, 0.0, 0.0, 0.0, 0.0, 0.0, 0.0, 0.0, 0.0, 0.0, 0.0, 0.0, 0.0, 0.0, 0.0]"
https://www.phriendlyphishing.com/blog,198,9,35.14051774287378,security|2025|email|information|x27,"[0.0, 0.65343, 0.0, 0.0, 0.0, 0.0, 0.0, 0.0, 0.0, 0.0, 0.0, 0.0, 0.0, 0.0, 0.0, 0.0, 0.07961, 0.0, 0.0, 0.0, 0.0, 0.0, 0.0, 0.0, 0.0, 0.0, 0.0, 0.0, 0.0, 0.0, 0.25786, 0.0, 0.0, 0.0, 0.0, 0.0, 0.0, 0.0, 0.0, 0.0, 0.0, 0.0, 0.0, 0.0, 0.1546, 0.0, 0.0, 0.0, 0.0, 0.0, 0.0, 0.0, 0.0, 0.0, 0.0, 0.0, 0.0, 0.0, 0.0, 0.0773, 0.0, 0.0, 0.0, 0.08595, 0.0, 0.0, 0.0, 0.0, 0.0, 0.0, 0.0, 0.0, 0.0, 0.66489, 0.0, 0.0, 0.0, 0.0, 0.0, 0.0, 0.0, 0.0, 0.0, 0.0, 0.0, 0.0, 0.0, 0.0, 0.0, 0.0, 0.0, 0.0, 0.0, 0.0, 0.0, 0.0, 0.0, 0.0, 0.0, 0.14442]"
https://inspiredelearning.com/blog/phishing-protection-checklist/,10,1,35.94500000000002,new,"[0.0, 0.0, 0.0, 0.0, 0.0, 0.0, 0.0, 0.0, 0.0, 0.0, 0.0, 0.0, 0.0, 0.0, 0.0, 0.0, 0.0, 0.0, 0.0, 0.0, 0.0, 0.0, 0.0, 0.0, 0.0, 0.0, 0.0, 0.0, 0.0, 0.0, 0.0, 0.0, 0.0, 0.0, 0.0, 0.0, 0.0, 0.0, 0.0, 0.0, 0.0, 0.0, 0.0, 0.0, 0.0, 0.0, 0.0, 0.0, 0.0, 0.0, 0.0, 0.0, 0.0, 0.0, 0.0, 0.0, 0.0, 0.0, 0.0, 0.0, 0.0, 1.0, 0.0, 0.0, 0.0, 0.0, 0.0, 0.0, 0.0, 0.0, 0.0, 0.0, 0.0, 0.0, 0.0, 0.0, 0.0, 0.0, 0.0, 0.0, 0.0, 0.0, 0.0, 0.0, 0.0, 0.0, 0.0, 0.0, 0.0, 0.0, 0.0, 0.0, 0.0, 0.0, 0.0, 0.0, 0.0, 0.0, 0.0, 0.0]"
https://en.wikipedia.org/wiki/SD-WAN,2546,100,23.26985714285715,93|91|network|based|data,"[0.00842, 0.00871, 0.0, 0.64454, 0.67471, 0.06737, 0.0, 0.0, 0.0, 0.01133, 0.01133, 0.0, 0.0, 0.10264, 0.0, 0.0, 0.01486, 0.0, 0.0, 0.0, 0.0, 0.00992, 0.00777, 0.0, 0.00856, 0.08291, 0.0, 0.0, 0.01531, 0.0, 0.0, 0.01713, 0.0, 0.0, 0.0, 0.0, 0.0, 0.00972, 0.00856, 0.0, 0.0079, 0.0, 0.0, 0.0, 0.00721, 0.01945, 0.0, 0.0, 0.0, 0.0, 0.0, 0.01363, 0.0, 0.01486, 0.0, 0.0, 0.00856, 0.0, 0.0, 0.02164, 0.29773, 0.01961, 0.0, 0.00802, 0.0, 0.0, 0.0497, 0.0, 0.0, 0.0, 0.01012, 0.0, 0.0, 0.07977, 0.0, 0.0, 0.0, 0.0, 0.0, 0.00992, 0.0, 0.0, 0.02928, 0.0, 0.0, 0.0, 0.0, 0.0, 0.0, 0.0, 0.0251, 0.03948, 0.01508, 0.04031, 0.0, 0.0, 0.0, 0.03714, 0.0, 0.0]"
https://www.cisco.com/site/us/en/learn/topics/networking/what-is-sd-wan.html,632,35,29.346495207667743,network|security|39|data|use,"[0.0, 0.0, 0.36088, 0.0, 0.0, 0.0, 0.0, 0.0, 0.0, 0.0, 0.0, 0.0, 0.0, 0.20669, 0.0, 0.0, 0.12965, 0.17311, 0.0, 0.0, 0.0, 0.08655, 0.0, 0.0, 0.0, 0.30147, 0.0, 0.0, 0.0668, 0.0, 0.0, 0.0, 0.0, 0.0, 0.0, 0.0, 0.0, 0.08485, 0.0, 0.0, 0.1378, 0.0, 0.0, 0.0, 0.0, 0.0, 0.0, 0.0, 0.20669, 0.0, 0.0, 0.0, 0.0, 0.0, 0.0, 0.0, 0.0, 0.17311, 0.0922, 0.06294, 0.55109, 0.1711, 0.0, 0.0, 0.0, 0.0, 0.07228, 0.0, 0.0, 0.0, 0.0, 0.0, 0.0, 0.38672, 0.0, 0.0, 0.0, 0.0, 0.0, 0.0, 0.0, 0.0, 0.06387, 0.0, 0.0, 0.0, 0.0, 0.0, 0.0, 0.0, 0.21907, 0.0689, 0.1316, 0.0, 0.0, 0.0, 0.0, 0.06482, 0.0, 0.0]"
https://www.fortinet.com/resources/cyberglossary/sd-wan-explained,24,1,-32.549999999999955,network|security,"[0.0, 0.0, 0.0, 0.0, 0.0, 0.0, 0.0, 0.0, 0.0, 0.0, 0.0, 0.0, 0.0, 0.0, 0.0, 0.0, 0.0, 0.0, 0.0, 0.0, 0.0, 0.0, 0.0, 0.0, 0.0, 0.0, 0.0, 0.0, 0.0, 0.0, 0.0, 0.0, 0.0, 0.0, 0.0, 0.0, 0.0, 0.0, 0.0, 0.0, 0.0, 0.0, 0.0, 0.0, 0.0, 0.0, 0.0, 0.0, 0.0, 0.0, 0.0, 0.0, 0.0, 0.0, 0.0, 0.0, 0.0, 0.0, 0.0, 0.0, 0.71334, 0.0, 0.0, 0.0, 0.0, 0.0, 0.0, 0.0, 0.0, 0.0, 0.0, 0.0, 0.0, 0.70081, 0.0, 0.0, 0.0, 0.0, 0.0, 0.0, 0.0, 0.0, 0.0, 0.0, 0.0, 0.0, 0.0, 0.0, 0.0, 0.0, 0.0, 0.0, 0.0, 0.0, 0.0, 0.0, 0.0, 0.0, 0.0, 0.0]"
https://www.hpe.com/us/en/what-is/sd-wan.html,0,1,54.72500000000002,,"[0.0, 0.0, 0.0, 0.0, 0.0, 0.0, 0.0, 0.0, 0.0, 0.0, 0.0, 0.0, 0.0, 0.0, 0.0, 0.0, 0.0, 0.0, 0.0, 0.0, 0.0, 0.0, 0.0, 0.0, 0.0, 0.0, 0.0, 0.0, 0.0, 0.0, 0.0, 0.0, 0.0, 0.0, 0.0, 0.0, 0.0, 0.0, 0.0, 0.0, 0.0, 0.0, 0.0, 0.0, 0.0, 0.0, 0.0, 0.0, 0.0, 0.0, 0.0, 0.0, 0.0, 0.0, 0.0, 0.0, 0.0, 0.0, 0.0, 0.0, 0.0, 0.0, 0.0, 0.0, 0.0, 0.0, 0.0, 0.0, 0.0, 0.0, 0.0, 0.0, 0.0, 0.0, 0.0, 0.0, 0.0, 0.0, 0.0, 0.0, 0.0, 0.0, 0.0, 0.0, 0.0, 0.0, 0.0, 0.0, 0.0, 0.0, 0.0, 0.0, 0.0, 0.0, 0.0, 0.0, 0.0, 0.0, 0.0, 0.0]"
https://remotedesktop.google.com/,679,102,-320.5165784313726,function|var|null|width|li,"[0.00313, 0.0, 0.01152, 0.00392, 0.0, 0.0219, 0.00384, 0.0, 0.00636, 0.0, 0.0, 0.0, 0.0, 0.0, 0.0, 0.0, 0.0, 0.0, 0.0, 0.0, 0.0, 0.01105, 0.0, 0.0, 0.0, 0.02053, 0.0, 0.0, 0.0, 0.0, 0.0, 0.0, 0.00456, 0.0, 0.00768, 0.0, 0.0, 0.72233, 0.00954, 0.00456, 0.0, 0.01452, 0.02595, 0.00368, 0.0, 0.0, 0.0, 0.0, 0.0, 0.0, 0.03633, 0.00253, 0.0, 0.0, 0.0, 0.0, 0.0, 0.0, 0.0, 0.00536, 0.0, 0.03399, 0.3552, 0.0, 0.0, 0.01619, 0.0, 0.0, 0.0, 0.0, 0.0, 0.0, 0.0, 0.0, 0.0, 0.0, 0.0, 0.0, 0.03383, 0.0, 0.0, 0.00313, 0.00272, 0.0, 0.0, 0.0, 0.0, 0.0, 0.0, 0.0, 0.00233, 0.0, 0.0, 0.00998, 0.5864, 0.03989, 0.0, 0.00552, 0.01502, 0.0]"
https://support.microsoft.com/en-us/windows/how-to-use-remote-desktop-5fe128d5-8fb1-7a23-3b8a-41e636865e8c,0,1,54.72500000000002,,"[0.0, 0.0, 0.0, 0.0, 0.0, 0.0, 0.0, 0.0, 0.0, 0.0, 0.0, 0.0, 0.0, 0.0, 0.0, 0.0, 0.0, 0.0, 0.0, 0.0, 0.0, 0.0, 0.0, 0.0, 0.0, 0.0, 0.0, 0.0, 0.0, 0.0, 0.0, 0.0, 0.0, 0.0, 0.0, 0.0, 0.0, 0.0, 0.0, 0.0, 0.0, 0.0, 0.0, 0.0, 0.0, 0.0, 0.0, 0.0, 0.0, 0.0, 0.0, 0.0, 0.0, 0.0, 0.0, 0.0, 0.0, 0.0, 0.0, 0.0, 0.0, 0.0, 0.0, 0.0, 0.0, 0.0, 0.0, 0.0, 0.0, 0.0, 0.0, 0.0, 0.0, 0.0, 0.0, 0.0, 0.0, 0.0, 0.0, 0.0, 0.0, 0.0, 0.0, 0.0, 0.0, 0.0, 0.0, 0.0, 0.0, 0.0, 0.0, 0.0, 0.0, 0.0, 0.0, 0.0, 0.0, 0.0, 0.0, 0.0]"
https://support.apple.com/guide/remote-desktop/welcome/mac,81,4,42.21912974683548,files|learn|different|users,"[0.0, 0.0, 0.0, 0.0, 0.0, 0.0, 0.0, 0.0, 0.0, 0.0, 0.0, 0.0, 0.0, 0.0, 0.0, 0.0, 0.0, 0.0, 0.0, 0.0, 0.0, 0.0, 0.0, 0.0, 0.0, 0.0, 0.0, 0.0, 0.31114, 0.0, 0.0, 0.0, 0.0, 0.0, 0.84041, 0.0, 0.0, 0.0, 0.0, 0.0, 0.0, 0.0, 0.0, 0.0, 0.0, 0.0, 0.0, 0.0, 0.3209, 0.0, 0.0, 0.0, 0.0, 0.0, 0.0, 0.0, 0.0, 0.0, 0.0, 0.0, 0.0, 0.0, 0.0, 0.0, 0.0, 0.0, 0.0, 0.0, 0.0, 0.0, 0.0, 0.0, 0.0, 0.0, 0.0, 0.0, 0.0, 0.0, 0.0, 0.0, 0.0, 0.0, 0.0, 0.0, 0.0, 0.0, 0.0, 0.0, 0.0, 0.0, 0.0, 0.0, 0.30647, 0.0, 0.0, 0.0, 0.0, 0.0, 0.0, 0.0]"
https://en.wikipedia.org/wiki/Remote_desktop_software,840,34,39.2170017133067,93|91|access|network|used,"[0.04268, 0.0, 0.0, 0.5891, 0.61668, 0.29878, 0.0, 0.0, 0.0, 0.0, 0.0, 0.0, 0.0, 0.0, 0.0, 0.0, 0.0, 0.0, 0.0, 0.0, 0.0, 0.0, 0.0, 0.04743, 0.0, 0.0, 0.0, 0.0, 0.0, 0.0, 0.0, 0.0, 0.0, 0.0, 0.0, 0.0, 0.0, 0.0, 0.0, 0.0, 0.04002, 0.0, 0.0, 0.0, 0.0, 0.0, 0.0, 0.0, 0.0, 0.0, 0.0, 0.03453, 0.05355, 0.0, 0.0, 0.0, 0.0, 0.10055, 0.10711, 0.07312, 0.27437, 0.0, 0.0, 0.0, 0.0, 0.0, 0.04199, 0.0, 0.0, 0.0, 0.0, 0.0, 0.0, 0.08985, 0.0, 0.0, 0.0, 0.0, 0.0, 0.0, 0.0, 0.0, 0.0371, 0.0, 0.0, 0.0, 0.0, 0.0, 0.0, 0.0, 0.06362, 0.2001, 0.07644, 0.06811, 0.0, 0.0, 0.0, 0.0753, 0.0, 0.0]"
https://www.cloudflare.com/learning/access-management/what-is-ztna/,0,1,54.72500000000002,,"[0.0, 0.0, 0.0, 0.0, 0.0, 0.0, 0.0, 0.0, 0.0, 0.0, 0.0, 0.0, 0.0, 0.0, 0.0, 0.0, 0.0, 0.0, 0.0, 0.0, 0.0, 0.0, 0.0, 0.0, 0.0, 0.0, 0.0, 0.0, 0.0, 0.0, 0.0, 0.0, 0.0, 0.0, 0.0, 0.0, 0.0, 0.0, 0.0, 0.0, 0.0, 0.0, 0.0, 0.0, 0.0, 0.0, 0.0, 0.0, 0.0, 0.0, 0.0, 0.0, 0.0, 0.0, 0.0, 0.0, 0.0, 0.0, 0.0, 0.0, 0.0, 0.0, 0.0, 0.0, 0.0, 0.0, 0.0, 0.0, 0.0, 0.0, 0.0, 0.0, 0.0, 0.0, 0.0, 0.0, 0.0, 0.0, 0.0, 0.0, 0.0, 0.0, 0.0, 0.0, 0.0, 0.0, 0.0, 0.0, 0.0, 0.0, 0.0, 0.0, 0.0, 0.0, 0.0, 0.0, 0.0, 0.0, 0.0, 0.0]"
https://www.fortinet.com/solutions/enterprise-midsize-business/network-access/application-access,48,3,47.83250000000001,access|users|network|learn,"[0.0, 0.0, 0.0, 0.0, 0.0, 0.65816, 0.0, 0.0, 0.0, 0.0, 0.0, 0.0, 0.0, 0.0, 0.0, 0.0, 0.0, 0.0, 0.0, 0.0, 0.0, 0.0, 0.0, 0.0, 0.0, 0.0, 0.0, 0.0, 0.0, 0.0, 0.0, 0.0, 0.0, 0.0, 0.0, 0.0, 0.0, 0.0, 0.0, 0.0, 0.0, 0.0, 0.0, 0.0, 0.0, 0.0, 0.0, 0.0, 0.30854, 0.0, 0.0, 0.0, 0.0, 0.0, 0.0, 0.0, 0.0, 0.0, 0.0, 0.0, 0.35256, 0.0, 0.0, 0.0, 0.0, 0.0, 0.0, 0.0, 0.0, 0.0, 0.0, 0.0, 0.0, 0.0, 0.0, 0.0, 0.0, 0.0, 0.0, 0.0, 0.0, 0.0, 0.0, 0.0, 0.0, 0.0, 0.0, 0.0, 0.0, 0.0, 0.0, 0.0, 0.58934, 0.0, 0.0, 0.0, 0.0, 0.0, 0.0, 0.0]"
https://www.microsoft.com/en-us/security/business/security-101/what-is-zero-trust-network-access-ztna,101,4,11.414000000000044,access|network|security|based|models,"[0.0, 0.0, 0.0, 0.0, 0.0, 0.65903, 0.0, 0.0, 0.0, 0.0, 0.0, 0.0, 0.0, 0.20597, 0.0, 0.0, 0.0, 0.0, 0.0, 0.0, 0.0, 0.0, 0.0, 0.0, 0.0, 0.0, 0.0, 0.0, 0.0, 0.0, 0.0, 0.0, 0.0, 0.0, 0.0, 0.0, 0.0, 0.0, 0.0, 0.0, 0.0, 0.0, 0.0, 0.0, 0.0, 0.0, 0.0, 0.0, 0.0, 0.0, 0.0, 0.0, 0.0, 0.0, 0.0, 0.0, 0.0, 0.12937, 0.13781, 0.0, 0.58838, 0.0, 0.0, 0.0, 0.0, 0.0, 0.0, 0.0, 0.0, 0.0, 0.0, 0.0, 0.0, 0.34682, 0.0, 0.0, 0.0, 0.0, 0.0, 0.0, 0.11982, 0.0, 0.0, 0.0, 0.0, 0.0, 0.0, 0.0, 0.0, 0.0, 0.08186, 0.0, 0.0, 0.0, 0.0, 0.0, 0.0, 0.0, 0.0, 0.0]"
https://www.zscaler.com/resources/security-terms-glossary/what-is-zero-trust-network-access,926,54,33.301403133903165,access|network|security|users|based,"[0.02695, 0.0, 0.0, 0.0, 0.0, 0.83554, 0.0, 0.0, 0.0, 0.0, 0.0, 0.0, 0.0, 0.1769, 0.0, 0.0, 0.0, 0.0, 0.0, 0.0, 0.0, 0.0, 0.0, 0.0, 0.0, 0.02211, 0.0, 0.0, 0.0245, 0.02651, 0.0, 0.0, 0.0, 0.0, 0.0, 0.0, 0.0, 0.0, 0.0, 0.0, 0.0, 0.0, 0.0, 0.0, 0.0, 0.0, 0.0, 0.0, 0.0, 0.0, 0.0, 0.08722, 0.0, 0.02378, 0.0, 0.0, 0.0, 0.0, 0.0, 0.09235, 0.31764, 0.0, 0.0, 0.0, 0.0, 0.0, 0.0, 0.0, 0.0, 0.0, 0.0, 0.0, 0.0, 0.25532, 0.0, 0.0, 0.0, 0.0, 0.0, 0.0, 0.0, 0.0, 0.0, 0.0, 0.0, 0.0, 0.0, 0.0, 0.0, 0.0, 0.06026, 0.0, 0.19308, 0.0215, 0.0, 0.0, 0.0, 0.11888, 0.0, 0.17253]"
https://www.efax.com/,1230,74,40.645146703775765,fax|online|email|files|access,"[0.0, 0.0, 0.0, 0.0, 0.0, 0.07053, 0.01443, 0.0, 0.01195, 0.0, 0.0, 0.0, 0.0, 0.01102, 0.0, 0.0, 0.04148, 0.01384, 0.0, 0.0, 0.0, 0.01384, 0.0, 0.05225, 0.0, 0.03858, 0.0, 0.0, 0.0, 0.02312, 0.07837, 0.0, 0.0, 0.93473, 0.07216, 0.0, 0.04625, 0.0, 0.02391, 0.0, 0.02204, 0.0, 0.0, 0.0, 0.01007, 0.0, 0.0, 0.02275, 0.0, 0.0, 0.0, 0.02853, 0.01475, 0.02074, 0.0, 0.0, 0.0, 0.0, 0.0, 0.02014, 0.0, 0.01825, 0.0, 0.30228, 0.0, 0.02028, 0.0, 0.0, 0.0, 0.02312, 0.01413, 0.0, 0.02312, 0.04949, 0.0, 0.0, 0.0, 0.0, 0.0, 0.0, 0.0, 0.0, 0.0, 0.0, 0.0, 0.0, 0.0, 0.0, 0.0, 0.0, 0.01752, 0.0, 0.02105, 0.01876, 0.0, 0.0, 0.0, 0.0, 0.0, 0.0]"
https://sign.dropbox.com/products/dropbox-fax,965,55,26.053745011086505,fax|var|online|width|x27,"[0.0, 0.0, 0.0, 0.0, 0.0, 0.0, 0.0154, 0.0, 0.0, 0.0, 0.0, 0.0, 0.0, 0.01176, 0.0, 0.0, 0.0, 0.0, 0.0, 0.0, 0.0, 0.0, 0.0, 0.02788, 0.03827, 0.0, 0.0, 0.0, 0.0, 0.02468, 0.04779, 0.0, 0.0, 0.95005, 0.0, 0.0, 0.03702, 0.05794, 0.02551, 0.05483, 0.01176, 0.0, 0.0, 0.0, 0.02149, 0.0, 0.0, 0.02428, 0.0, 0.0, 0.0, 0.0203, 0.0787, 0.0, 0.0, 0.0, 0.0, 0.0, 0.0, 0.01074, 0.0, 0.01947, 0.0, 0.13143, 0.0, 0.0, 0.03702, 0.0, 0.0, 0.0, 0.0, 0.0, 0.0, 0.02641, 0.0, 0.0, 0.0, 0.0, 0.0, 0.0, 0.0, 0.01254, 0.0109, 0.0, 0.0, 0.0, 0.0, 0.0, 0.0, 0.01777, 0.0187, 0.0, 0.0337, 0.03002, 0.1873, 0.10665, 0.0, 0.0, 0.0, 0.0803]"
https://www.fax.plus/,344,27,36.08651333549295,fax|online|email|access|security,"[0.0, 0.0, 0.0, 0.0, 0.0, 0.09342, 0.0, 0.0, 0.0, 0.0, 0.0, 0.0, 0.0, 0.0, 0.02831, 0.0, 0.0, 0.0, 0.0, 0.0, 0.0, 0.0, 0.0, 0.0, 0.03167, 0.0, 0.0346, 0.0, 0.0, 0.0, 0.14829, 0.0, 0.0, 0.94333, 0.03823, 0.0, 0.06126, 0.03595, 0.06333, 0.0, 0.0, 0.0, 0.0, 0.0, 0.02667, 0.0, 0.0, 0.0, 0.0, 0.0, 0.0, 0.0, 0.0, 0.0, 0.0, 0.0, 0.0, 0.0, 0.0, 0.0, 0.0, 0.0, 0.0, 0.23727, 0.0, 0.0, 0.0, 0.0, 0.0, 0.03063, 0.0, 0.0, 0.0, 0.06555, 0.0, 0.0, 0.0, 0.0, 0.0, 0.0, 0.0, 0.0, 0.0, 0.0, 0.0, 0.0, 0.0, 0.0, 0.0, 0.0, 0.02321, 0.0, 0.0, 0.02484, 0.0, 0.0, 0.0, 0.0, 0.0, 0.04983]"
https://comfax.com/reviews/free-fax/,2834,122,57.96120722754195,fax|free|online|security|10,"[0.0711, 0.02101, 0.0, 0.0, 0.0, 0.0, 0.0, 0.0, 0.0, 0.0, 0.0, 0.0, 0.0, 0.0, 0.04155, 0.0, 0.00896, 0.00598, 0.0, 0.0, 0.0, 0.0, 0.0, 0.01693, 0.00516, 0.02083, 0.01693, 0.0, 0.00923, 0.005, 0.02419, 0.00516, 0.0, 0.89424, 0.00624, 0.0, 0.39963, 0.0, 0.01033, 0.0, 0.0, 0.0, 0.0, 0.01196, 0.05655, 0.0, 0.0, 0.02457, 0.0, 0.0, 0.0, 0.02876, 0.00637, 0.00448, 0.0, 0.0, 0.0, 0.00598, 0.0, 0.03915, 0.0, 0.01182, 0.0, 0.12093, 0.0, 0.0, 0.0, 0.0, 0.0, 0.0, 0.0, 0.0, 0.005, 0.07483, 0.0, 0.0, 0.0, 0.0, 0.0, 0.0, 0.01662, 0.00508, 0.00441, 0.0074, 0.0, 0.0, 0.0, 0.0, 0.0, 0.0, 0.02649, 0.01428, 0.04093, 0.04052, 0.0, 0.0, 0.0, 0.0, 0.0, 0.0]"
https://nytlicensing.com/latest/trends/content-marketing-best-practices-2022/,2916,157,43.14369547592736,content|marketing|brand|strategy|help,"[0.0, 0.0, 0.00922, 0.0, 0.0, 0.00751, 0.0, 0.0, 0.0, 0.0202, 0.0, 0.0, 0.0, 0.02111, 0.06142, 0.11981, 0.0927, 0.0, 0.0, 0.0, 0.0, 0.00884, 0.90084, 0.03337, 0.0458, 0.01232, 0.0, 0.01094, 0.0273, 0.02215, 0.00715, 0.01527, 0.0, 0.0, 0.0, 0.0, 0.00738, 0.0, 0.00763, 0.0, 0.09853, 0.0, 0.0, 0.0, 0.02572, 0.0, 0.0, 0.00726, 0.00704, 0.00867, 0.0, 0.02429, 0.0, 0.03973, 0.32756, 0.0, 0.06107, 0.0, 0.0, 0.04501, 0.0, 0.06409, 0.0, 0.0143, 0.0, 0.0, 0.00738, 0.0, 0.01733, 0.01477, 0.0, 0.0, 0.02215, 0.0, 0.0, 0.0, 0.0, 0.05531, 0.0, 0.1061, 0.01638, 0.0, 0.09134, 0.0, 0.0, 0.0, 0.0, 0.0, 0.0, 0.0, 0.02797, 0.0, 0.0, 0.01797, 0.0, 0.0, 0.0, 0.01987, 0.0, 0.0]"
https://copyblogger.com/content-marketing/,5529,267,50.27008423903058,content|marketing|social|brand|media,"[0.0, 0.0, 0.00589, 0.00602, 0.0063, 0.0096, 0.00589, 0.0, 0.03415, 0.00646, 0.0, 0.0, 0.0, 0.009, 0.04362, 0.12371, 0.01693, 0.01695, 0.0, 0.0, 0.0, 0.0, 0.80612, 0.09064, 0.08295, 0.00394, 0.0, 0.00699, 0.02181, 0.01888, 0.07312, 0.08295, 0.0, 0.0, 0.0, 0.0, 0.00944, 0.0, 0.0244, 0.0, 0.02249, 0.0, 0.0, 0.0, 0.01233, 0.00554, 0.0, 0.05572, 0.02249, 0.01662, 0.0, 0.05823, 0.0, 0.02963, 0.49202, 0.0, 0.12198, 0.00565, 0.0, 0.02877, 0.00514, 0.01117, 0.0, 0.03199, 0.0, 0.0, 0.03304, 0.0, 0.02216, 0.03304, 0.0173, 0.0, 0.01888, 0.0, 0.01291, 0.0, 0.0, 0.12625, 0.0, 0.10172, 0.01047, 0.0096, 0.01668, 0.0, 0.0, 0.0, 0.0, 0.0, 0.0, 0.0, 0.05006, 0.009, 0.02148, 0.01914, 0.0, 0.0, 0.0, 0.02116, 0.0, 0.0]"
https://www.twilio.com/en-us/blog/insights/content-marketing-best-practices,4435,308,56.66318990755008,39|content|marketing|just|best,"[0.00391, 0.00808, 0.7916, 0.0, 0.0, 0.00391, 0.01439, 0.00625, 0.05563, 0.00526, 0.0, 0.0, 0.0, 0.01099, 0.08881, 0.04318, 0.01724, 0.0046, 0.0074, 0.0, 0.0, 0.0, 0.53388, 0.03474, 0.04371, 0.00962, 0.01737, 0.00569, 0.03197, 0.01537, 0.07072, 0.07153, 0.0, 0.0, 0.0, 0.0, 0.01153, 0.0, 0.01589, 0.0, 0.03664, 0.0, 0.0, 0.0, 0.0, 0.00451, 0.0, 0.10589, 0.01465, 0.00451, 0.0, 0.03794, 0.0049, 0.03447, 0.17904, 0.0, 0.01192, 0.0, 0.0, 0.05021, 0.0, 0.03336, 0.0, 0.00372, 0.0, 0.0, 0.01153, 0.0, 0.02256, 0.03075, 0.01409, 0.0, 0.04228, 0.0, 0.0, 0.0, 0.0, 0.01645, 0.0, 0.01841, 0.0, 0.00391, 0.04755, 0.01139, 0.0, 0.0, 0.0, 0.0, 0.0, 0.0, 0.0233, 0.0, 0.0035, 0.00935, 0.0, 0.00554, 0.0, 0.02758, 0.0, 0.0]"
https://www.akkio.com/beginners-guide-to-machine-learning,21292,1033,44.575175629823974,data|x27|learning|machine|ai,"[0.00908, 0.0, 0.0, 0.0, 0.0, 0.00726, 0.00669, 0.00291, 0.29173, 0.09773, 0.01222, 0.0, 0.0, 0.0715, 0.04292, 0.00223, 0.02723, 0.00428, 0.00688, 0.0, 0.0, 0.0, 0.00503, 0.11703, 0.06093, 0.46778, 0.00605, 0.07936, 0.05612, 0.00536, 0.01038, 0.16248, 0.00265, 0.0, 0.0, 0.0, 0.00536, 0.00419, 0.02216, 0.01058, 0.03915, 0.0, 0.0, 0.03422, 0.04666, 0.04612, 0.0, 0.06502, 0.01873, 0.38366, 0.0, 0.08961, 0.33261, 0.06407, 0.06735, 0.0, 0.02031, 0.20317, 0.20731, 0.05132, 0.01751, 0.06764, 0.0, 0.00692, 0.0, 0.0, 0.01607, 0.09818, 0.01258, 0.03036, 0.01964, 0.01955, 0.00357, 0.00764, 0.00733, 0.01398, 0.00327, 0.02484, 0.0, 0.01069, 0.00198, 0.0236, 0.12941, 0.0, 0.0, 0.0, 0.0, 0.0, 0.0, 0.00257, 0.07037, 0.09533, 0.01626, 0.05794, 0.0, 0.0, 0.0, 0.02403, 0.0, 0.44457]"
https://medium.com/@amitvsolutions/machine-learning-101-the-complete-beginners-guide-to-machine-learning-686a30cbcf6b,1885,110,43.379924444108326,learning|data|machine|model|example,"[0.0, 0.0, 0.0, 0.0, 0.0, 0.0, 0.0, 0.0, 0.05393, 0.05709, 0.0, 0.0, 0.0, 0.03978, 0.01928, 0.0, 0.0, 0.0, 0.0, 0.0, 0.0, 0.0, 0.00979, 0.07072, 0.0, 0.47862, 0.01179, 0.0, 0.0, 0.0, 0.0101, 0.16178, 0.0, 0.0, 0.01302, 0.0, 0.0, 0.0, 0.0, 0.0, 0.00994, 0.03283, 0.0, 0.01249, 0.02725, 0.09797, 0.0, 0.03079, 0.07955, 0.56332, 0.0, 0.07722, 0.45245, 0.05614, 0.01157, 0.0, 0.0, 0.38726, 0.11977, 0.02725, 0.0, 0.01646, 0.0, 0.0, 0.0, 0.0, 0.0, 0.0, 0.01225, 0.02087, 0.01275, 0.0, 0.02087, 0.0, 0.0, 0.0, 0.0, 0.0, 0.0, 0.0, 0.0, 0.01061, 0.01844, 0.0, 0.0, 0.0, 0.0, 0.0, 0.0, 0.0, 0.07905, 0.03978, 0.0, 0.07616, 0.0, 0.0, 0.0, 0.0, 0.01697, 0.0]"
https://realpython.com/tutorials/data-science/,521,17,12.064745175083829,science|data|2025|learning|machine,"[0.02134, 0.40836, 0.0, 0.0, 0.0, 0.0, 0.0, 0.0, 0.01085, 0.0, 0.0, 0.0, 0.0, 0.0, 0.0776, 0.0, 0.0, 0.0, 0.0, 0.0, 0.0, 0.0, 0.0, 0.0, 0.0, 0.56029, 0.0, 0.03109, 0.0, 0.0, 0.01016, 0.0, 0.0, 0.0, 0.0, 0.0, 0.0105, 0.0, 0.0, 0.0, 0.0, 0.0, 0.0, 0.01257, 0.0, 0.0, 0.0, 0.01033, 0.01, 0.09856, 0.0, 0.0, 0.08032, 0.0, 0.0, 0.0, 0.0, 0.0, 0.0, 0.0, 0.0, 0.0, 0.0, 0.0, 0.0, 0.0, 0.0, 0.0, 0.0, 0.0, 0.0, 0.70351, 0.0, 0.0, 0.0, 0.0, 0.0, 0.0, 0.0, 0.0, 0.0, 0.0, 0.00927, 0.0, 0.0, 0.0, 0.0, 0.0, 0.0, 0.0, 0.0, 0.0, 0.0, 0.0, 0.0, 0.0, 0.0, 0.0, 0.0, 0.0]"
https://www.geeksforgeeks.org/data-science/data-science-with-python-tutorial/,6462,388,-45.324485338360915,data|science|https|learning|machine,"[0.00675, 0.0, 0.0, 0.0, 0.0, 0.0, 0.0, 0.0, 0.0, 0.04768, 0.0, 0.0, 0.0, 0.03164, 0.0, 0.0, 0.04168, 0.0, 0.0, 0.0, 0.0, 0.0, 0.0, 0.0, 0.0, 0.69641, 0.0, 0.0, 0.0, 0.0, 0.0, 0.01373, 0.00492, 0.0, 0.01657, 0.0, 0.0, 0.01169, 0.0, 0.0, 0.0, 0.3552, 0.06439, 0.0, 0.0, 0.00779, 0.08516, 0.0, 0.03955, 0.28251, 0.0, 0.01638, 0.28159, 0.05805, 0.0, 0.0, 0.10296, 0.0159, 0.11856, 0.00145, 0.0, 0.01179, 0.01217, 0.0, 0.0, 0.09318, 0.0, 0.0, 0.02338, 0.00166, 0.0, 0.39963, 0.0, 0.0, 0.0, 0.0, 0.0, 0.0, 0.0, 0.0, 0.00184, 0.00675, 0.0352, 0.05654, 0.0, 0.0, 0.0, 0.0, 0.0, 0.0, 0.04024, 0.0443, 0.0, 0.02693, 0.0168, 0.0, 0.0, 0.0, 0.06481, 0.0]"
https://jakevdp.github.io/PythonDataScienceHandbook/,63,3,58.22500000000005,text|content|science|work|data,"[0.0, 0.0, 0.0, 0.0, 0.0, 0.0, 0.0, 0.0, 0.0, 0.0, 0.0, 0.0, 0.0, 0.0, 0.0, 0.0, 0.0, 0.0, 0.0, 0.0, 0.0, 0.0, 0.56519, 0.0, 0.0, 0.25118, 0.0, 0.0, 0.0, 0.0, 0.0, 0.0, 0.0, 0.0, 0.0, 0.0, 0.0, 0.0, 0.0, 0.0, 0.0, 0.0, 0.0, 0.0, 0.0, 0.0, 0.0, 0.0, 0.0, 0.0, 0.0, 0.0, 0.0, 0.0, 0.0, 0.0, 0.0, 0.0, 0.0, 0.0, 0.0, 0.0, 0.0, 0.0, 0.0, 0.0, 0.0, 0.0, 0.0, 0.0, 0.0, 0.41193, 0.0, 0.0, 0.0, 0.0, 0.0, 0.0, 0.0, 0.0, 0.0, 0.61225, 0.0, 0.0, 0.0, 0.0, 0.0, 0.0, 0.0, 0.0, 0.0, 0.0, 0.0, 0.0, 0.0, 0.0, 0.0, 0.27004, 0.0, 0.0]"
https://www.w3schools.com/datascience/,1446,52,18.266030511008438,learn|data|quot|free|com,"[0.0, 0.0, 0.0, 0.0, 0.0, 0.05011, 0.0, 0.0, 0.05096, 0.0, 0.01686, 0.0, 0.0, 0.01175, 0.03417, 0.0, 0.01105, 0.0, 0.0, 0.0, 0.0, 0.05902, 0.02313, 0.0, 0.0, 0.16446, 0.0, 0.0, 0.03417, 0.0, 0.0, 0.0, 0.0, 0.0, 0.0, 0.0, 0.07394, 0.0, 0.05096, 0.0, 0.03524, 0.0, 0.0, 0.0, 0.0, 0.0, 0.0, 0.0, 0.96314, 0.04339, 0.0, 0.01014, 0.03144, 0.0221, 0.0, 0.0, 0.03822, 0.0, 0.0, 0.0, 0.0, 0.03889, 0.0, 0.01193, 0.0, 0.0, 0.01232, 0.09032, 0.0, 0.0, 0.0, 0.03371, 0.0, 0.05274, 0.0, 0.03215, 0.0, 0.02637, 0.0, 0.0, 0.0, 0.01253, 0.0, 0.0, 0.0, 0.0, 0.0, 0.0, 0.0, 0.0, 0.03735, 0.01175, 0.01122, 0.01999, 0.0, 0.0355, 0.0, 0.0, 0.0, 0.0]"
https://towardsdatascience.com/machine-learning-basics-with-examples-part-1-c2d37247ec3d,0,1,54.72500000000002,,"[0.0, 0.0, 0.0, 0.0, 0.0, 0.0, 0.0, 0.0, 0.0, 0.0, 0.0, 0.0, 0.0, 0.0, 0.0, 0.0, 0.0, 0.0, 0.0, 0.0, 0.0, 0.0, 0.0, 0.0, 0.0, 0.0, 0.0, 0.0, 0.0, 0.0, 0.0, 0.0, 0.0, 0.0, 0.0, 0.0, 0.0, 0.0, 0.0, 0.0, 0.0, 0.0, 0.0, 0.0, 0.0, 0.0, 0.0, 0.0, 0.0, 0.0, 0.0, 0.0, 0.0, 0.0, 0.0, 0.0, 0.0, 0.0, 0.0, 0.0, 0.0, 0.0, 0.0, 0.0, 0.0, 0.0, 0.0, 0.0, 0.0, 0.0, 0.0, 0.0, 0.0, 0.0, 0.0, 0.0, 0.0, 0.0, 0.0, 0.0, 0.0, 0.0, 0.0, 0.0, 0.0, 0.0, 0.0, 0.0, 0.0, 0.0, 0.0, 0.0, 0.0, 0.0, 0.0, 0.0, 0.0, 0.0, 0.0, 0.0]"
https://www.analyticsvidhya.com/blog/2021/09/comprehensive-guide-on-machine-learning/,0,1,54.72500000000002,,"[0.0, 0.0, 0.0, 0.0, 0.0, 0.0, 0.0, 0.0, 0.0, 0.0, 0.0, 0.0, 0.0, 0.0, 0.0, 0.0, 0.0, 0.0, 0.0, 0.0, 0.0, 0.0, 0.0, 0.0, 0.0, 0.0, 0.0, 0.0, 0.0, 0.0, 0.0, 0.0, 0.0, 0.0, 0.0, 0.0, 0.0, 0.0, 0.0, 0.0, 0.0, 0.0, 0.0, 0.0, 0.0, 0.0, 0.0, 0.0, 0.0, 0.0, 0.0, 0.0, 0.0, 0.0, 0.0, 0.0, 0.0, 0.0, 0.0, 0.0, 0.0, 0.0, 0.0, 0.0, 0.0, 0.0, 0.0, 0.0, 0.0, 0.0, 0.0, 0.0, 0.0, 0.0, 0.0, 0.0, 0.0, 0.0, 0.0, 0.0, 0.0, 0.0, 0.0, 0.0, 0.0, 0.0, 0.0, 0.0, 0.0, 0.0, 0.0, 0.0, 0.0, 0.0, 0.0, 0.0, 0.0, 0.0, 0.0, 0.0]"
https://aws.amazon.com/what-is/deep-learning/,4797,269,36.4866261724963,deep|learning|ai|data|models,"[0.0, 0.0, 0.0, 0.0, 0.0, 0.02839, 0.0, 0.0, 0.20784, 0.04584, 0.03438, 0.0, 0.0, 0.01597, 0.0, 0.0, 0.00751, 0.0, 0.0, 0.0, 0.0, 0.0, 0.01572, 0.00946, 0.00866, 0.19564, 0.0, 0.65756, 0.04645, 0.0, 0.0, 0.09526, 0.0, 0.0, 0.0, 0.0, 0.01396, 0.00983, 0.0, 0.0, 0.00798, 0.0, 0.0, 0.04012, 0.03647, 0.0295, 0.0, 0.0, 0.02395, 0.61947, 0.0, 0.02756, 0.10685, 0.03005, 0.0, 0.0, 0.0, 0.04012, 0.19233, 0.01459, 0.09124, 0.05949, 0.0, 0.0, 0.0, 0.0, 0.01675, 0.0, 0.0295, 0.0, 0.02048, 0.0, 0.0, 0.0, 0.0, 0.02186, 0.0, 0.0, 0.0, 0.0, 0.0, 0.08516, 0.0148, 0.0, 0.0, 0.0, 0.0, 0.0, 0.0, 0.0, 0.08251, 0.00798, 0.02288, 0.00679, 0.0, 0.0, 0.0, 0.03005, 0.0, 0.0]"
https://developers.google.com/search/docs/fundamentals/seo-starter-guide,3133,136,56.322564488910345,search|google|content|results|users,"[0.0, 0.0, 0.0, 0.0, 0.0, 0.01002, 0.0738, 0.0, 0.0, 0.0, 0.0, 0.0, 0.0, 0.00939, 0.07286, 0.0, 0.07953, 0.0, 0.0, 0.0, 0.06025, 0.0708, 0.29593, 0.0, 0.0, 0.00822, 0.01113, 0.0, 0.07286, 0.0, 0.0, 0.19355, 0.0, 0.0, 0.0123, 0.0, 0.0, 0.0, 0.40748, 0.0, 0.11271, 0.06202, 0.0, 0.10619, 0.07723, 0.0, 0.0, 0.0097, 0.04696, 0.0, 0.0, 0.04052, 0.0, 0.14139, 0.01093, 0.0, 0.0, 0.0, 0.0, 0.0429, 0.0, 0.05443, 0.0, 0.0, 0.0, 0.0, 0.0, 0.0, 0.24291, 0.02956, 0.0, 0.0, 0.63065, 0.0, 0.02696, 0.0, 0.0, 0.0, 0.0, 0.0, 0.0, 0.15027, 0.06095, 0.18973, 0.0, 0.0, 0.0, 0.0, 0.0, 0.17034, 0.07466, 0.01879, 0.23322, 0.02398, 0.0, 0.0, 0.0, 0.00884, 0.06413, 0.0]"
https://digitalmarketinginstitute.com/blog/what-is-seo,224,8,21.798977534562255,marketing|digital|search|content|2025,"[0.0, 0.17155, 0.0, 0.0, 0.0, 0.0, 0.0, 0.0, 0.0, 0.0, 0.11158, 0.0, 0.0, 0.0, 0.0, 0.0, 0.0, 0.0, 0.0, 0.0, 0.0, 0.0, 0.30619, 0.0, 0.0, 0.0, 0.0, 0.0, 0.0, 0.48939, 0.0, 0.0, 0.0, 0.0, 0.0, 0.0, 0.08156, 0.0, 0.0, 0.0, 0.0, 0.0, 0.0, 0.0, 0.0, 0.0, 0.0, 0.0, 0.0, 0.0, 0.0, 0.0, 0.0, 0.0, 0.63321, 0.0, 0.16864, 0.0, 0.0, 0.0, 0.0, 0.0, 0.0, 0.0, 0.0, 0.0, 0.0, 0.0, 0.0, 0.0, 0.0, 0.0, 0.40782, 0.0, 0.0, 0.0, 0.0, 0.08728, 0.0, 0.09767, 0.0, 0.0, 0.0, 0.0, 0.0, 0.0, 0.0, 0.0, 0.0, 0.0, 0.0, 0.0, 0.0, 0.0, 0.0, 0.0, 0.0, 0.07315, 0.0, 0.0]"
https://www.coursera.org/articles/content-strategy,1610,80,45.404007022471916,content|x27|strategy|business|marketing,"[0.0, 0.01035, 0.0, 0.0, 0.0, 0.0, 0.01228, 0.0, 0.0, 0.0, 0.0, 0.0, 0.0, 0.0, 0.00909, 0.0, 0.08824, 0.0, 0.0, 0.0, 0.02005, 0.0, 0.84959, 0.02223, 0.04069, 0.0, 0.01112, 0.0, 0.04547, 0.0492, 0.02858, 0.01017, 0.0, 0.0, 0.0, 0.0, 0.03936, 0.0, 0.03052, 0.0, 0.05628, 0.0, 0.0, 0.0, 0.00857, 0.0, 0.0, 0.0, 0.02814, 0.01155, 0.0, 0.05665, 0.0, 0.02647, 0.07639, 0.0, 0.04069, 0.0, 0.0, 0.05141, 0.0, 0.03882, 0.0, 0.0, 0.0, 0.0, 0.0, 0.07213, 0.0, 0.0, 0.0, 0.0, 0.02952, 0.0, 0.0, 0.0, 0.0, 0.05265, 0.0, 0.25922, 0.02183, 0.0, 0.04347, 0.0, 0.0, 0.0, 0.0, 0.0, 0.0, 0.0, 0.02982, 0.0, 0.0, 0.0, 0.0, 0.0, 0.0, 0.01765, 0.0, 0.40023]"
https://www.youtube.com/creators/how-things-work/content-creation-strategy/,753,38,58.72368421052633,quot|help|content|make|learn,"[0.0, 0.0, 0.0, 0.0, 0.0, 0.0, 0.0, 0.0, 0.0, 0.0, 0.0, 0.0, 0.0, 0.0, 0.22559, 0.0, 0.0, 0.0, 0.0, 0.0, 0.0, 0.0, 0.40088, 0.0, 0.0, 0.0509, 0.06894, 0.0, 0.0, 0.0, 0.0, 0.0, 0.0, 0.0, 0.0, 0.0, 0.0, 0.0, 0.0, 0.0, 0.40716, 0.0, 0.0, 0.0, 0.0, 0.0, 0.0, 0.0, 0.29083, 0.0, 0.0, 0.25095, 0.0, 0.38307, 0.0, 0.0, 0.0, 0.0, 0.0, 0.0, 0.0, 0.24075, 0.0, 0.0, 0.0, 0.0, 0.0, 0.44729, 0.0, 0.0, 0.0, 0.08348, 0.12205, 0.0, 0.0, 0.0, 0.0, 0.0, 0.0, 0.0, 0.0, 0.0, 0.16176, 0.0, 0.0, 0.0, 0.0, 0.0, 0.0, 0.0, 0.04624, 0.0, 0.0, 0.09899, 0.0, 0.0, 0.0, 0.05472, 0.0, 0.0]"
https://digitalmarketinginstitute.com/blog/what-are-the-most-effective-digital-marketing-strategies,108,3,11.419117647058869,strategy|x27|marketing|search|digital,"[0.0, 0.19176, 0.0, 0.0, 0.0, 0.0, 0.0, 0.0, 0.0, 0.0, 0.0, 0.0, 0.0, 0.0, 0.0, 0.0, 0.0, 0.0, 0.0, 0.0, 0.0, 0.0, 0.17113, 0.0, 0.0, 0.0, 0.0, 0.0, 0.0, 0.3647, 0.0, 0.0, 0.0, 0.0, 0.0, 0.0, 0.09118, 0.0, 0.0, 0.0, 0.0, 0.0, 0.0, 0.0, 0.0, 0.0, 0.0, 0.0, 0.0, 0.0, 0.0, 0.0, 0.0, 0.0, 0.40447, 0.0, 0.0, 0.0, 0.0, 0.0, 0.0, 0.0, 0.0, 0.0, 0.0, 0.0, 0.0, 0.0, 0.0, 0.0, 0.0, 0.0, 0.3647, 0.0, 0.0, 0.0, 0.0, 0.0, 0.0, 0.54588, 0.0, 0.0, 0.0, 0.0, 0.0, 0.0, 0.0, 0.0, 0.0, 0.0, 0.0, 0.0, 0.0, 0.0, 0.0, 0.0, 0.0, 0.0, 0.0, 0.44501]"
https://emotive.io/blog/11-essential-digital-marketing-tips,5,1,-1.2799999999999727,marketing|digital,"[0.0, 0.0, 0.0, 0.0, 0.0, 0.0, 0.0, 0.0, 0.0, 0.0, 0.0, 0.0, 0.0, 0.0, 0.0, 0.0, 0.0, 0.0, 0.0, 0.0, 0.0, 0.0, 0.0, 0.0, 0.0, 0.0, 0.0, 0.0, 0.0, 0.66965, 0.0, 0.0, 0.0, 0.0, 0.0, 0.0, 0.0, 0.0, 0.0, 0.0, 0.0, 0.0, 0.0, 0.0, 0.0, 0.0, 0.0, 0.0, 0.0, 0.0, 0.0, 0.0, 0.0, 0.0, 0.74267, 0.0, 0.0, 0.0, 0.0, 0.0, 0.0, 0.0, 0.0, 0.0, 0.0, 0.0, 0.0, 0.0, 0.0, 0.0, 0.0, 0.0, 0.0, 0.0, 0.0, 0.0, 0.0, 0.0, 0.0, 0.0, 0.0, 0.0, 0.0, 0.0, 0.0, 0.0, 0.0, 0.0, 0.0, 0.0, 0.0, 0.0, 0.0, 0.0, 0.0, 0.0, 0.0, 0.0, 0.0, 0.0]"
https://www.forbes.com/advisor/business/what-is-digital-marketing/,5391,240,-24.858210473313164,marketing|width|height|media|digital,"[0.00321, 0.00332, 0.0, 0.0, 0.0, 0.00321, 0.00394, 0.0, 0.0326, 0.0, 0.00863, 0.0, 0.0, 0.00301, 0.14864, 0.01574, 0.12726, 0.00378, 0.00607, 0.0, 0.0, 0.00378, 0.10358, 0.01425, 0.00652, 0.00789, 0.02494, 0.0, 0.00583, 0.2649, 0.10993, 0.00326, 0.0, 0.0, 0.0, 0.0, 0.01261, 0.07033, 0.0326, 0.37833, 0.00902, 0.00496, 0.0, 0.01888, 0.01922, 0.0, 0.0, 0.0, 0.01202, 0.0037, 0.00532, 0.01037, 0.0, 0.00566, 0.5351, 0.0, 0.29667, 0.0, 0.0, 0.02746, 0.02404, 0.02239, 0.0, 0.05802, 0.0, 0.0, 0.03154, 0.0, 0.03332, 0.07884, 0.00771, 0.00431, 0.02838, 0.0135, 0.0, 0.11108, 0.0, 0.09786, 0.00578, 0.04531, 0.01049, 0.09297, 0.01393, 0.08874, 0.0, 0.0, 0.0, 0.0, 0.0, 0.00454, 0.01434, 0.00601, 0.02009, 0.00767, 0.04255, 0.5315, 0.00532, 0.03111, 0.0, 0.0]"
https://blog.hubspot.com/marketing/what-is-digital-marketing,3,1,119.19000000000003,2025,"[0.0, 1.0, 0.0, 0.0, 0.0, 0.0, 0.0, 0.0, 0.0, 0.0, 0.0, 0.0, 0.0, 0.0, 0.0, 0.0, 0.0, 0.0, 0.0, 0.0, 0.0, 0.0, 0.0, 0.0, 0.0, 0.0, 0.0, 0.0, 0.0, 0.0, 0.0, 0.0, 0.0, 0.0, 0.0, 0.0, 0.0, 0.0, 0.0, 0.0, 0.0, 0.0, 0.0, 0.0, 0.0, 0.0, 0.0, 0.0, 0.0, 0.0, 0.0, 0.0, 0.0, 0.0, 0.0, 0.0, 0.0, 0.0, 0.0, 0.0, 0.0, 0.0, 0.0, 0.0, 0.0, 0.0, 0.0, 0.0, 0.0, 0.0, 0.0, 0.0, 0.0, 0.0, 0.0, 0.0, 0.0, 0.0, 0.0, 0.0, 0.0, 0.0, 0.0, 0.0, 0.0, 0.0, 0.0, 0.0, 0.0, 0.0, 0.0, 0.0, 0.0, 0.0, 0.0, 0.0, 0.0, 0.0, 0.0, 0.0]"
https://www.investopedia.com/terms/s/seo.asp,0,1,54.72500000000002,,"[0.0, 0.0, 0.0, 0.0, 0.0, 0.0, 0.0, 0.0, 0.0, 0.0, 0.0, 0.0, 0.0, 0.0, 0.0, 0.0, 0.0, 0.0, 0.0, 0.0, 0.0, 0.0, 0.0, 0.0, 0.0, 0.0, 0.0, 0.0, 0.0, 0.0, 0.0, 0.0, 0.0, 0.0, 0.0, 0.0, 0.0, 0.0, 0.0, 0.0, 0.0, 0.0, 0.0, 0.0, 0.0, 0.0, 0.0, 0.0, 0.0, 0.0, 0.0, 0.0, 0.0, 0.0, 0.0, 0.0, 0.0, 0.0, 0.0, 0.0, 0.0, 0.0, 0.0, 0.0, 0.0, 0.0, 0.0, 0.0, 0.0, 0.0, 0.0, 0.0, 0.0, 0.0, 0.0, 0.0, 0.0, 0.0, 0.0, 0.0, 0.0, 0.0, 0.0, 0.0, 0.0, 0.0, 0.0, 0.0, 0.0, 0.0, 0.0, 0.0, 0.0, 0.0, 0.0, 0.0, 0.0, 0.0, 0.0, 0.0]"
https://mailchimp.com/marketing-glossary/content-marketing/,1405,75,52.153398704103694,content|marketing|media|social|best,"[0.0, 0.01424, 0.0, 0.0, 0.0, 0.0, 0.0, 0.0, 0.014, 0.0, 0.0, 0.0, 0.0, 0.01291, 0.12517, 0.10143, 0.10931, 0.04865, 0.0, 0.0, 0.0, 0.0, 0.80075, 0.0153, 0.08401, 0.0113, 0.0, 0.0, 0.01252, 0.01354, 0.03934, 0.014, 0.0, 0.0, 0.0, 0.0, 0.02709, 0.0, 0.0, 0.0, 0.05164, 0.0, 0.0, 0.0, 0.01179, 0.0, 0.0, 0.02665, 0.01291, 0.0, 0.0, 0.01114, 0.0, 0.04858, 0.48065, 0.0, 0.14001, 0.0, 0.0, 0.02359, 0.0, 0.0, 0.0, 0.01311, 0.0, 0.0, 0.01354, 0.0, 0.0, 0.10835, 0.0, 0.0, 0.06772, 0.0, 0.0, 0.0, 0.0, 0.13043, 0.0, 0.08109, 0.0, 0.0, 0.04787, 0.0, 0.0, 0.0, 0.0, 0.0, 0.0, 0.0, 0.07183, 0.01291, 0.0, 0.01099, 0.0, 0.0, 0.0, 0.04858, 0.0, 0.0]"
https://sproutsocial.com/insights/social-media-marketing-strategy/,7708,393,43.327826219402965,social|media|marketing|content|brand,"[0.00304, 0.02835, 0.0, 0.00382, 0.004, 0.00609, 0.00374, 0.0, 0.04335, 0.0041, 0.0, 0.0, 0.0, 0.02855, 0.02214, 0.23178, 0.07789, 0.01435, 0.0, 0.0, 0.0, 0.0, 0.24454, 0.12181, 0.06502, 0.07745, 0.01692, 0.00444, 0.02214, 0.003, 0.0058, 0.05573, 0.0, 0.0, 0.0, 0.0, 0.01198, 0.0, 0.01239, 0.0, 0.05139, 0.0, 0.0, 0.0, 0.00522, 0.00352, 0.0, 0.02947, 0.00856, 0.00352, 0.0, 0.04927, 0.0, 0.02417, 0.2458, 0.0, 0.41491, 0.0, 0.0, 0.04955, 0.0261, 0.01891, 0.0, 0.0174, 0.0, 0.0, 0.01498, 0.0, 0.02461, 0.02995, 0.00366, 0.0041, 0.01797, 0.0, 0.0041, 0.0, 0.0, 0.74672, 0.0, 0.18649, 0.00332, 0.00609, 0.0794, 0.0, 0.0, 0.0, 0.0, 0.0, 0.0, 0.0, 0.04539, 0.00571, 0.02181, 0.01943, 0.0, 0.0, 0.0, 0.00537, 0.0, 0.0]"
https://www.shopify.com/blog/ecommerce-seo-beginners-guide,4064,227,55.022101646324074,search|content|google|results|help,"[0.02301, 0.03571, 0.0, 0.0, 0.0, 0.0, 0.04238, 0.0, 0.0234, 0.0, 0.10838, 0.0, 0.0, 0.02158, 0.03138, 0.08476, 0.03045, 0.02711, 0.0, 0.0, 0.0, 0.01355, 0.48861, 0.03836, 0.17551, 0.01888, 0.0, 0.0, 0.0523, 0.0, 0.03288, 0.09361, 0.0, 0.0, 0.0, 0.0, 0.09055, 0.0, 0.40953, 0.0, 0.20498, 0.0, 0.0, 0.02711, 0.01971, 0.0, 0.0, 0.01114, 0.02158, 0.0, 0.0, 0.13963, 0.0, 0.09135, 0.08787, 0.0, 0.0, 0.0, 0.0, 0.03942, 0.0, 0.04465, 0.0, 0.1096, 0.0, 0.0, 0.19241, 0.0, 0.23914, 0.02264, 0.0, 0.0, 0.54327, 0.0, 0.01548, 0.02953, 0.0, 0.0, 0.0, 0.06776, 0.01255, 0.04603, 0.06001, 0.03353, 0.0, 0.0, 0.0, 0.0, 0.0, 0.0163, 0.09433, 0.02158, 0.06182, 0.0459, 0.0, 0.0, 0.01909, 0.0203, 0.0, 0.0]"
https://www.dollardays.com/?srsltid=AfmBOopXjdOu2Kwq6fwYN9FPfB19MorSOf5UyS0EisxFSAzOm8wbl8KF,0,1,54.72500000000002,,"[0.0, 0.0, 0.0, 0.0, 0.0, 0.0, 0.0, 0.0, 0.0, 0.0, 0.0, 0.0, 0.0, 0.0, 0.0, 0.0, 0.0, 0.0, 0.0, 0.0, 0.0, 0.0, 0.0, 0.0, 0.0, 0.0, 0.0, 0.0, 0.0, 0.0, 0.0, 0.0, 0.0, 0.0, 0.0, 0.0, 0.0, 0.0, 0.0, 0.0, 0.0, 0.0, 0.0, 0.0, 0.0, 0.0, 0.0, 0.0, 0.0, 0.0, 0.0, 0.0, 0.0, 0.0, 0.0, 0.0, 0.0, 0.0, 0.0, 0.0, 0.0, 0.0, 0.0, 0.0, 0.0, 0.0, 0.0, 0.0, 0.0, 0.0, 0.0, 0.0, 0.0, 0.0, 0.0, 0.0, 0.0, 0.0, 0.0, 0.0, 0.0, 0.0, 0.0, 0.0, 0.0, 0.0, 0.0, 0.0, 0.0, 0.0, 0.0, 0.0, 0.0, 0.0, 0.0, 0.0, 0.0, 0.0, 0.0, 0.0]"
https://www.woot.com/,198,20,57.13848809523813,com|amazon|use|day|customer,"[0.0, 0.11975, 0.0, 0.0, 0.0, 0.0, 0.0, 0.0, 0.0, 0.0, 0.6231, 0.0, 0.0, 0.0, 0.0, 0.0, 0.0, 0.0, 0.0, 0.0, 0.0, 0.68177, 0.10687, 0.12865, 0.11772, 0.0, 0.12865, 0.0, 0.0, 0.0, 0.0, 0.0, 0.0, 0.0, 0.0, 0.0, 0.11387, 0.0, 0.0, 0.0, 0.0, 0.0, 0.0, 0.0, 0.0, 0.0, 0.0, 0.0, 0.0, 0.0, 0.0, 0.0, 0.0, 0.0, 0.0, 0.0, 0.0, 0.0, 0.0, 0.0, 0.0, 0.08985, 0.0, 0.0, 0.0, 0.0, 0.11387, 0.0, 0.0, 0.0, 0.0, 0.0, 0.0, 0.0, 0.0, 0.0, 0.0, 0.0, 0.0, 0.0, 0.0, 0.0, 0.0, 0.0, 0.0, 0.0, 0.0, 0.0, 0.0, 0.0, 0.17256, 0.0, 0.0, 0.0, 0.0, 0.0, 0.0, 0.10212, 0.0, 0.0]"
https://www.shopmissa.com/?srsltid=AfmBOoqr-F6zzKR-vGPqksAZp1wW4niXlINdN2eAREiMVNtHez_0-gAB,1352,106,87.2956698718434,buy|right|skin|new|10,"[0.03362, 0.0, 0.0, 0.00844, 0.00883, 0.0, 0.0, 0.0, 0.0, 0.0, 0.0, 0.0, 0.0, 0.0, 0.0, 0.0, 0.0, 0.74446, 0.0, 0.0, 0.0, 0.0, 0.0, 0.0, 0.0, 0.0, 0.0, 0.0, 0.0, 0.0, 0.0, 0.0, 0.0, 0.0, 0.0, 0.0, 0.0, 0.0, 0.0, 0.0, 0.0, 0.0, 0.03347, 0.0, 0.0, 0.0, 0.0, 0.0, 0.0, 0.0, 0.0, 0.0, 0.0, 0.0, 0.0, 0.0, 0.01368, 0.0, 0.0, 0.0, 0.0, 0.04697, 0.0, 0.0, 0.01212, 0.0, 0.0, 0.0, 0.0, 0.6614, 0.0, 0.0, 0.0, 0.0, 0.0, 0.02588, 0.04848, 0.0, 0.0, 0.0, 0.0, 0.0, 0.0, 0.0, 0.0, 0.0, 0.0, 0.0, 0.0, 0.0, 0.0, 0.0, 0.0, 0.0, 0.0, 0.01906, 0.0, 0.0, 0.0, 0.0]"
https://martie.com/?srsltid=AfmBOoqTEC0QXQ3xYEvV1VWP6OX6EZboYFZDuiiilhyLfDJNbuXIZ97r,6104,393,70.30878933098558,cart|add|shop|width|var,"[0.01236, 0.0, 0.00569, 0.0, 0.0, 0.0, 0.53892, 0.0, 0.0, 0.0, 0.0, 0.0, 0.0, 0.0, 0.00141, 0.0, 0.0, 0.0, 0.83989, 0.0, 0.0, 0.0, 0.00143, 0.0, 0.0, 0.0, 0.0, 0.0, 0.0, 0.0, 0.0, 0.0, 0.00225, 0.0, 0.0, 0.0, 0.00152, 0.01785, 0.0, 0.01126, 0.0, 0.0, 0.0, 0.0182, 0.0, 0.0, 0.0, 0.00748, 0.0, 0.0, 0.0, 0.0, 0.0, 0.00136, 0.0, 0.0, 0.00943, 0.0, 0.0, 0.0, 0.0, 0.01559, 0.0, 0.0, 0.0, 0.0, 0.0, 0.0, 0.0, 0.00456, 0.0, 0.0, 0.0, 0.0, 0.0312, 0.01983, 0.0, 0.0, 0.0, 0.0, 0.0, 0.00773, 0.0, 0.0, 0.0, 0.0, 0.0, 0.0, 0.0, 0.0, 0.0, 0.0, 0.0, 0.0, 0.02308, 0.02847, 0.0, 0.0, 0.0, 0.0]"
https://www.dealsofamerica.com/,2048,125,59.50468296601446,39|day|size|skin|access,"[0.12628, 0.08708, 0.8269, 0.0, 0.0, 0.12628, 0.0, 0.0, 0.04281, 0.0, 0.0, 0.0, 0.0, 0.0, 0.03827, 0.05168, 0.0, 0.04958, 0.0, 0.0, 0.0, 0.09916, 0.0, 0.0, 0.0, 0.0, 0.32744, 0.0, 0.07653, 0.0, 0.0, 0.0, 0.0, 0.0, 0.0, 0.0, 0.0, 0.0, 0.0, 0.0, 0.0, 0.0, 0.0, 0.0, 0.03606, 0.0, 0.0, 0.04074, 0.0, 0.0, 0.0, 0.06811, 0.0, 0.1114, 0.0, 0.0, 0.0, 0.0, 0.05282, 0.07211, 0.0, 0.03267, 0.0, 0.04009, 0.0, 0.0, 0.04141, 0.0, 0.0, 0.0, 0.0, 0.0, 0.0, 0.0, 0.05664, 0.27008, 0.15175, 0.0, 0.0, 0.0, 0.0, 0.0, 0.0, 0.0, 0.0, 0.0, 0.0, 0.0, 0.0, 0.0, 0.03137, 0.07893, 0.0, 0.03358, 0.0, 0.0, 0.0, 0.07427, 0.0, 0.0]"
https://www.dealnews.com/,4952,372,-99.19322599870623,null|cms|https|url|com,"[0.009, 0.00582, 0.00415, 0.0, 0.0, 0.0, 0.0, 0.05584, 0.0, 0.0, 0.27717, 0.0, 0.0, 0.0, 0.04093, 0.02211, 0.0, 0.09413, 0.0, 0.0, 0.41067, 0.28769, 0.03325, 0.0, 0.00114, 0.0, 0.03002, 0.0, 0.0, 0.00332, 0.00429, 0.0, 0.22466, 0.0, 0.0, 0.0, 0.08082, 0.0104, 0.00458, 0.17218, 0.0, 0.37805, 0.03548, 0.1392, 0.0, 0.0, 0.11362, 0.01089, 0.0, 0.0, 0.0, 0.01093, 0.0, 0.0, 0.0, 0.0, 0.0, 0.01989, 0.0, 0.00096, 0.0, 0.00786, 0.42809, 0.00107, 0.0, 0.09517, 0.00111, 0.0, 0.0, 0.00886, 0.0, 0.0, 0.0, 0.0, 0.07876, 0.15166, 0.0, 0.0, 0.0, 0.0, 0.00737, 0.0, 0.01174, 0.0246, 0.0, 0.0, 0.0, 0.0, 0.0, 0.32058, 0.00336, 0.00422, 0.0, 0.0, 0.02054, 0.16747, 0.0, 0.0, 0.19454, 0.0]"
https://viewyourdeal.com/,2321,278,13.376714739836046,width|size|var|media|shop,"[0.05274, 0.0, 0.02159, 0.0, 0.0, 0.0, 0.0, 0.0, 0.0, 0.0, 0.0, 0.0, 0.0, 0.0, 0.0, 0.12951, 0.0, 0.0, 0.0, 0.0, 0.0, 0.01035, 0.1623, 0.0, 0.0, 0.09376, 0.0, 0.0, 0.0, 0.0, 0.02512, 0.0, 0.05123, 0.0, 0.0, 0.0, 0.15564, 0.1827, 0.0, 0.16649, 0.0, 0.0, 0.0, 0.0, 0.00753, 0.0, 0.0, 0.0, 0.0, 0.0, 0.04375, 0.0, 0.0, 0.0, 0.0, 0.0, 0.23242, 0.0, 0.0, 0.0, 0.0, 0.0, 0.0, 0.0, 0.0, 0.0, 0.0, 0.0, 0.0, 0.13835, 0.04227, 0.0, 0.00865, 0.0, 0.22475, 0.25944, 0.0, 0.0, 0.0, 0.0, 0.0, 0.20218, 0.0, 0.1921, 0.0, 0.0, 0.0, 0.0, 0.0, 0.01246, 0.0, 0.0, 0.0, 0.0, 0.24793, 0.72245, 0.0, 0.0, 0.0, 0.0]"
https://americasstealsanddeals.com/,16969,738,-7.28139719259309,u003e|u003c|u003cbr|mce|fragment,"[0.01606, 0.00217, 0.00086, 0.0, 0.0, 0.0, 0.00171, 0.0, 0.0, 0.0, 0.0, 0.15923, 0.10177, 0.0, 0.00762, 0.00029, 0.0, 0.0, 0.0, 0.14553, 0.0, 0.0798, 0.00258, 0.0, 0.0, 0.08481, 0.00155, 0.0, 0.0, 0.00069, 0.0, 0.0, 0.01628, 0.0, 0.0463, 0.20683, 0.01099, 0.00323, 0.0, 0.06512, 0.00917, 0.0, 0.04674, 0.0255, 0.00239, 0.0, 0.01762, 0.00946, 0.0, 0.0, 0.08575, 0.00226, 0.0, 0.00123, 0.0, 0.20683, 0.00284, 0.0, 0.0, 0.0012, 0.0, 0.0, 0.06421, 0.0, 0.10869, 0.10003, 0.03504, 0.0, 0.03226, 0.00137, 0.04254, 0.0, 0.0, 0.0, 0.09116, 0.0, 0.15611, 0.0, 0.07805, 0.0, 0.0381, 0.00163, 0.01821, 0.02476, 0.40381, 0.24294, 0.12147, 0.14445, 0.69929, 0.0, 0.01353, 0.00262, 0.005, 0.00557, 0.0, 0.06136, 0.06489, 0.00739, 0.0, 0.0]"
https://www.pricegrabber.com/,65,6,66.986858974359,shop|com|products|right|email,"[0.0, 0.0, 0.0, 0.0, 0.0, 0.0, 0.0, 0.0, 0.0, 0.0, 0.0, 0.0, 0.0, 0.0, 0.33264, 0.0, 0.0, 0.0, 0.0, 0.0, 0.0, 0.43097, 0.0, 0.0, 0.0, 0.0, 0.0, 0.0, 0.0, 0.0, 0.34851, 0.0, 0.0, 0.0, 0.0, 0.0, 0.0, 0.0, 0.0, 0.0, 0.0, 0.0, 0.0, 0.0, 0.0, 0.0, 0.0, 0.0, 0.0, 0.0, 0.0, 0.0, 0.0, 0.0, 0.0, 0.0, 0.0, 0.0, 0.0, 0.0, 0.0, 0.28399, 0.0, 0.0, 0.0, 0.0, 0.35992, 0.0, 0.0, 0.35992, 0.0, 0.0, 0.0, 0.0, 0.49236, 0.0, 0.0, 0.0, 0.0, 0.0, 0.0, 0.0, 0.0, 0.0, 0.0, 0.0, 0.0, 0.0, 0.0, 0.0, 0.0, 0.0, 0.0, 0.0, 0.0, 0.0, 0.0, 0.0, 0.0, 0.0]"
https://www.wikihow.com/Make-Money-Online,3920,280,32.76395738415741,quot|online|jpg|make|https,"[0.01812, 0.00703, 0.0, 0.0, 0.0, 0.0, 0.00556, 0.00363, 0.0, 0.0, 0.01524, 0.0, 0.0, 0.00212, 0.00618, 0.0, 0.01599, 0.00267, 0.0, 0.0, 0.0, 0.08005, 0.01464, 0.00252, 0.0023, 0.01859, 0.01259, 0.0, 0.0103, 0.00223, 0.01079, 0.00461, 0.0, 0.0, 0.00278, 0.0, 0.00669, 0.0, 0.00461, 0.0099, 0.0085, 0.10519, 0.02631, 0.00267, 0.01358, 0.0, 0.16334, 0.01316, 0.01062, 0.00262, 0.00752, 0.02383, 0.0, 0.1219, 0.00989, 0.0, 0.00461, 0.0, 0.0, 0.0097, 0.0, 0.00176, 0.0, 0.17047, 0.0, 0.0, 0.00891, 0.94737, 0.0, 0.00446, 0.0, 0.00305, 0.0156, 0.0, 0.0, 0.00291, 0.0, 0.00477, 0.02042, 0.0, 0.01483, 0.01133, 0.01575, 0.0033, 0.0, 0.0, 0.0, 0.0, 0.0, 0.0, 0.02364, 0.00212, 0.0, 0.00904, 0.0, 0.00963, 0.00376, 0.02198, 0.08701, 0.0]"
https://en.wikipedia.org/wiki/Search_engine_optimization,3652,160,46.61105170769767,search|93|91|google|results,"[0.0105, 0.00543, 0.00644, 0.50052, 0.53084, 0.0, 0.0, 0.0, 0.02135, 0.07063, 0.0, 0.0, 0.0, 0.00492, 0.00477, 0.01289, 0.00463, 0.0, 0.0, 0.01128, 0.0, 0.0, 0.1066, 0.0, 0.0, 0.01292, 0.00583, 0.0, 0.01909, 0.01033, 0.0, 0.00534, 0.0, 0.0, 0.01289, 0.0, 0.00516, 0.00606, 0.32559, 0.0, 0.01969, 0.0, 0.0, 0.00618, 0.01349, 0.00606, 0.0, 0.01524, 0.00492, 0.0, 0.0, 0.0, 0.0, 0.02315, 0.02863, 0.0, 0.01601, 0.0, 0.01317, 0.00899, 0.00562, 0.00407, 0.0, 0.005, 0.0, 0.0, 0.00516, 0.0, 0.12727, 0.00516, 0.00631, 0.0, 0.56277, 0.0, 0.0, 0.0, 0.0, 0.01657, 0.0, 0.00618, 0.00573, 0.0105, 0.02281, 0.00765, 0.0, 0.0, 0.0, 0.0, 0.0, 0.03719, 0.0313, 0.02461, 0.0517, 0.02931, 0.0, 0.0, 0.0, 0.00463, 0.0, 0.0]"
https://simple.wikipedia.org/wiki/Search_engine_optimization,466,23,47.64200837218152,search|93|91|results|marketing,"[0.0, 0.0, 0.0, 0.45492, 0.47621, 0.0, 0.0, 0.0, 0.09217, 0.0, 0.0, 0.0, 0.0, 0.0, 0.0, 0.05564, 0.0, 0.0, 0.0, 0.0, 0.0, 0.0, 0.04184, 0.0, 0.09217, 0.03719, 0.0, 0.0, 0.0, 0.0, 0.0, 0.0, 0.0, 0.0, 0.0, 0.0, 0.0, 0.0, 0.04609, 0.0, 0.0, 0.0, 0.0, 0.0, 0.03882, 0.0, 0.0, 0.0, 0.0, 0.0, 0.0, 0.0, 0.0, 0.0, 0.14832, 0.0, 0.04609, 0.0, 0.05686, 0.0, 0.0, 0.03518, 0.0, 0.08633, 0.0, 0.0, 0.0, 0.0, 0.20932, 0.0, 0.0, 0.0, 0.6687, 0.0, 0.0, 0.0, 0.0, 0.0477, 0.0, 0.0, 0.0, 0.0, 0.0, 0.0, 0.0, 0.0, 0.0, 0.0, 0.0, 0.0, 0.0, 0.08498, 0.0, 0.03616, 0.0, 0.0, 0.0, 0.03998, 0.0, 0.0]"
https://en.wikipedia.org/wiki/Content_marketing,1387,64,32.42329648694306,content|marketing|93|91|brand,"[0.0, 0.0, 0.01743, 0.35624, 0.39156, 0.0142, 0.0, 0.0, 0.0, 0.0, 0.0, 0.0, 0.0, 0.0, 0.0, 0.15686, 0.06261, 0.01672, 0.0, 0.0, 0.0, 0.0, 0.55041, 0.04733, 0.11549, 0.0, 0.0, 0.0, 0.11615, 0.1536, 0.02704, 0.05774, 0.0, 0.0, 0.0, 0.0, 0.02793, 0.0, 0.0, 0.0, 0.0, 0.0, 0.0, 0.0, 0.04864, 0.0, 0.0, 0.01374, 0.0, 0.0, 0.0, 0.01149, 0.0, 0.01252, 0.52655, 0.0, 0.08662, 0.06688, 0.0, 0.01216, 0.04563, 0.05509, 0.0, 0.12169, 0.0, 0.0, 0.05586, 0.0, 0.01639, 0.0, 0.0, 0.0, 0.05586, 0.0, 0.0, 0.0, 0.0, 0.04483, 0.0, 0.05016, 0.0, 0.0, 0.02468, 0.0, 0.0, 0.0, 0.0, 0.0, 0.0, 0.0, 0.03174, 0.06655, 0.02542, 0.01133, 0.0, 0.0, 0.0, 0.0, 0.0, 0.0]"
https://simple.wikipedia.org/wiki/Content_marketing,185,12,50.595778388278376,marketing|content|93|91|buy,"[0.0, 0.0, 0.0, 0.2844, 0.29771, 0.0, 0.0, 0.0, 0.0, 0.0, 0.0, 0.0, 0.0, 0.0, 0.0, 0.0, 0.06665, 0.26698, 0.0, 0.0, 0.0, 0.0, 0.48823, 0.0, 0.15366, 0.0, 0.0, 0.0, 0.06869, 0.0, 0.0, 0.07683, 0.0, 0.0, 0.0, 0.0, 0.0, 0.0, 0.0, 0.0, 0.0, 0.0, 0.0, 0.0, 0.12943, 0.0, 0.0, 0.07312, 0.0, 0.0, 0.0, 0.0, 0.0, 0.0, 0.65939, 0.0, 0.0, 0.0, 0.0, 0.0, 0.0, 0.0, 0.0, 0.0, 0.0, 0.0, 0.14864, 0.0, 0.0, 0.0, 0.0, 0.0, 0.0, 0.0, 0.0, 0.0, 0.0, 0.0, 0.0, 0.0, 0.0, 0.0, 0.0, 0.0, 0.0, 0.0, 0.0, 0.0, 0.0, 0.0, 0.05631, 0.0, 0.0, 0.0, 0.0, 0.0, 0.0, 0.0, 0.0, 0.0]"
https://en.wikipedia.org/wiki/Machine_learning,9201,381,26.689369699789324,93|learning|91|machine|data,"[0.01047, 0.0, 0.00257, 0.50957, 0.53342, 0.00419, 0.0, 0.0, 0.06812, 0.14366, 0.0, 0.0, 0.0, 0.04711, 0.01332, 0.0, 0.00369, 0.00247, 0.0, 0.0, 0.0, 0.0, 0.0, 0.00465, 0.00213, 0.17863, 0.00233, 0.03355, 0.01713, 0.0, 0.00598, 0.04258, 0.0061, 0.0, 0.00257, 0.0, 0.0, 0.02901, 0.01064, 0.00305, 0.00393, 0.0, 0.0, 0.02712, 0.01076, 0.02901, 0.0, 0.00405, 0.01963, 0.51244, 0.00347, 0.01863, 0.30994, 0.01662, 0.00228, 0.0, 0.00213, 0.12575, 0.0788, 0.00359, 0.02691, 0.02112, 0.0, 0.0, 0.00377, 0.0, 0.00206, 0.0, 0.01209, 0.00206, 0.0151, 0.00563, 0.00618, 0.0, 0.0, 0.00537, 0.0, 0.00441, 0.0, 0.00247, 0.00457, 0.00419, 0.02365, 0.0, 0.0, 0.0, 0.0, 0.0, 0.0, 0.0, 0.01716, 0.07066, 0.01125, 0.02338, 0.0, 0.0, 0.00347, 0.00739, 0.0, 0.0]"
https://simple.wikipedia.org/wiki/Machine_learning,427,30,59.43585251798564,93|91|learning|machine|algorithms,"[0.06658, 0.0, 0.0, 0.54297, 0.56839, 0.0, 0.0, 0.0, 0.0, 0.22397, 0.0, 0.0, 0.0, 0.06242, 0.0, 0.0, 0.0, 0.0, 0.0, 0.0, 0.0, 0.0, 0.0, 0.0, 0.0, 0.2185, 0.0, 0.0, 0.06052, 0.0, 0.0, 0.10155, 0.0, 0.0, 0.0, 0.0, 0.0, 0.0, 0.0, 0.0, 0.0, 0.0, 0.0, 0.0, 0.0, 0.03844, 0.0, 0.0, 0.09363, 0.34593, 0.0, 0.0, 0.33414, 0.05873, 0.0, 0.0, 0.0, 0.07842, 0.04177, 0.0, 0.03566, 0.0, 0.0, 0.0, 0.0, 0.0, 0.0, 0.0, 0.0, 0.0, 0.0, 0.04479, 0.03274, 0.0, 0.0, 0.0, 0.0, 0.0, 0.0, 0.0, 0.0, 0.0, 0.0, 0.0, 0.0, 0.0, 0.0, 0.0, 0.0, 0.0, 0.0, 0.03121, 0.0, 0.05312, 0.0, 0.0, 0.0, 0.02936, 0.0, 0.0]"
https://en.wikipedia.org/wiki/Artificial_intelligence,14978,626,38.059642756253965,93|91|ai|intelligence|learning,"[0.00427, 0.00883, 0.00131, 0.65501, 0.68286, 0.0032, 0.00131, 0.0, 0.2714, 0.02011, 0.01149, 0.0, 0.0, 0.02002, 0.00194, 0.0, 0.00188, 0.0, 0.0, 0.0, 0.0, 0.0, 0.00986, 0.0, 0.0, 0.04905, 0.00119, 0.03422, 0.00776, 0.00105, 0.0, 0.01628, 0.00156, 0.0, 0.0, 0.0, 0.00315, 0.00616, 0.02388, 0.0, 0.005, 0.0, 0.0, 0.0088, 0.01555, 0.08136, 0.0, 0.00207, 0.00701, 0.07519, 0.0, 0.01209, 0.0576, 0.01789, 0.00116, 0.0, 0.00217, 0.01383, 0.04688, 0.00549, 0.01144, 0.01077, 0.0, 0.0061, 0.0, 0.0, 0.0042, 0.0, 0.00493, 0.0063, 0.01027, 0.00862, 0.0315, 0.00112, 0.0, 0.00137, 0.00192, 0.00449, 0.0, 0.00503, 0.00233, 0.01281, 0.00928, 0.0, 0.0, 0.0, 0.0, 0.0, 0.0, 0.0, 0.02785, 0.05906, 0.00669, 0.01533, 0.0, 0.0, 0.00177, 0.00753, 0.0, 0.0]"
https://simple.wikipedia.org/wiki/Artificial_intelligence,1247,70,50.0099396984925,93|91|ai|intelligence|machine,"[0.01496, 0.01547, 0.0, 0.56308, 0.58944, 0.0, 0.0, 0.0, 0.3803, 0.0, 0.0, 0.0, 0.0, 0.0, 0.0, 0.0, 0.0, 0.0, 0.0, 0.0, 0.0, 0.0, 0.0, 0.0, 0.0, 0.06137, 0.0, 0.06538, 0.0408, 0.0, 0.0, 0.03042, 0.0, 0.0, 0.0, 0.0, 0.0, 0.0, 0.01521, 0.0, 0.0, 0.0, 0.0, 0.03524, 0.0, 0.32818, 0.0, 0.01448, 0.04208, 0.06909, 0.0, 0.12102, 0.18769, 0.05278, 0.0, 0.0, 0.01521, 0.01762, 0.01877, 0.0, 0.0, 0.01161, 0.0, 0.0, 0.0, 0.0, 0.0, 0.0, 0.0, 0.0, 0.0, 0.02013, 0.01471, 0.0, 0.0, 0.0, 0.0, 0.0, 0.0, 0.0, 0.01632, 0.02992, 0.013, 0.0, 0.0, 0.0, 0.0, 0.0, 0.0, 0.0, 0.05574, 0.07013, 0.0, 0.0, 0.0, 0.0, 0.0, 0.0132, 0.0, 0.0]"
https://en.wikipedia.org/wiki/Digital_marketing,3981,169,30.79820336919809,93|91|marketing|digital|brand,"[0.00777, 0.0, 0.0, 0.54131, 0.57176, 0.0, 0.0, 0.0, 0.0, 0.0, 0.0, 0.0, 0.0, 0.0328, 0.0, 0.16225, 0.01371, 0.0, 0.0, 0.0, 0.0, 0.0, 0.04664, 0.0216, 0.04348, 0.01595, 0.0, 0.0, 0.01413, 0.30968, 0.0074, 0.00395, 0.0, 0.0, 0.0, 0.0, 0.0, 0.00449, 0.0079, 0.0, 0.00364, 0.0, 0.0, 0.0, 0.02996, 0.0, 0.0, 0.00376, 0.0, 0.0, 0.0, 0.01258, 0.0, 0.0, 0.46217, 0.0, 0.11067, 0.00458, 0.0, 0.00333, 0.0, 0.00905, 0.0, 0.07774, 0.0, 0.0, 0.03059, 0.0, 0.00898, 0.00382, 0.0, 0.0, 0.08793, 0.0, 0.0, 0.0, 0.0, 0.06545, 0.0, 0.0412, 0.0, 0.0, 0.02703, 0.0, 0.0, 0.0, 0.0, 0.0, 0.0, 0.0, 0.01738, 0.04737, 0.01392, 0.0093, 0.0, 0.0, 0.0, 0.0, 0.0, 0.0]"
https://simple.wikipedia.org/wiki/Digital_marketing,110,6,36.79250000000002,marketing|digital|online|93|91,"[0.0, 0.0, 0.0, 0.20883, 0.2186, 0.0, 0.0, 0.0, 0.0, 0.0, 0.0, 0.0, 0.0, 0.0, 0.0, 0.0, 0.14682, 0.0, 0.0, 0.0, 0.0, 0.0, 0.0, 0.0, 0.08462, 0.0, 0.0, 0.0, 0.07565, 0.40928, 0.15853, 0.08462, 0.0, 0.0, 0.0, 0.0, 0.0, 0.0, 0.0, 0.0, 0.0, 0.0, 0.0, 0.0, 0.0, 0.0, 0.0, 0.0, 0.0, 0.0, 0.0, 0.06733, 0.0, 0.0, 0.72626, 0.0, 0.16925, 0.0, 0.0, 0.0, 0.0, 0.0, 0.0, 0.23779, 0.0, 0.0, 0.0, 0.0, 0.0, 0.0, 0.0, 0.0, 0.08186, 0.0, 0.0, 0.0, 0.0, 0.17518, 0.0, 0.0, 0.0, 0.0, 0.0, 0.0, 0.0, 0.0, 0.0, 0.0, 0.0, 0.0, 0.12404, 0.0, 0.0, 0.06639, 0.0, 0.0, 0.0, 0.0, 0.0, 0.0]"
https://www.reuters.com/technology/artificial-intelligence/,0,1,54.72500000000002,,"[0.0, 0.0, 0.0, 0.0, 0.0, 0.0, 0.0, 0.0, 0.0, 0.0, 0.0, 0.0, 0.0, 0.0, 0.0, 0.0, 0.0, 0.0, 0.0, 0.0, 0.0, 0.0, 0.0, 0.0, 0.0, 0.0, 0.0, 0.0, 0.0, 0.0, 0.0, 0.0, 0.0, 0.0, 0.0, 0.0, 0.0, 0.0, 0.0, 0.0, 0.0, 0.0, 0.0, 0.0, 0.0, 0.0, 0.0, 0.0, 0.0, 0.0, 0.0, 0.0, 0.0, 0.0, 0.0, 0.0, 0.0, 0.0, 0.0, 0.0, 0.0, 0.0, 0.0, 0.0, 0.0, 0.0, 0.0, 0.0, 0.0, 0.0, 0.0, 0.0, 0.0, 0.0, 0.0, 0.0, 0.0, 0.0, 0.0, 0.0, 0.0, 0.0, 0.0, 0.0, 0.0, 0.0, 0.0, 0.0, 0.0, 0.0, 0.0, 0.0, 0.0, 0.0, 0.0, 0.0, 0.0, 0.0, 0.0, 0.0]"
https://www.cnbc.com/artificial-intelligence/,0,1,54.72500000000002,,"[0.0, 0.0, 0.0, 0.0, 0.0, 0.0, 0.0, 0.0, 0.0, 0.0, 0.0, 0.0, 0.0, 0.0, 0.0, 0.0, 0.0, 0.0, 0.0, 0.0, 0.0, 0.0, 0.0, 0.0, 0.0, 0.0, 0.0, 0.0, 0.0, 0.0, 0.0, 0.0, 0.0, 0.0, 0.0, 0.0, 0.0, 0.0, 0.0, 0.0, 0.0, 0.0, 0.0, 0.0, 0.0, 0.0, 0.0, 0.0, 0.0, 0.0, 0.0, 0.0, 0.0, 0.0, 0.0, 0.0, 0.0, 0.0, 0.0, 0.0, 0.0, 0.0, 0.0, 0.0, 0.0, 0.0, 0.0, 0.0, 0.0, 0.0, 0.0, 0.0, 0.0, 0.0, 0.0, 0.0, 0.0, 0.0, 0.0, 0.0, 0.0, 0.0, 0.0, 0.0, 0.0, 0.0, 0.0, 0.0, 0.0, 0.0, 0.0, 0.0, 0.0, 0.0, 0.0, 0.0, 0.0, 0.0, 0.0, 0.0]"
https://www.bbc.com/news/topics/c404v061z99t,0,1,54.72500000000002,,"[0.0, 0.0, 0.0, 0.0, 0.0, 0.0, 0.0, 0.0, 0.0, 0.0, 0.0, 0.0, 0.0, 0.0, 0.0, 0.0, 0.0, 0.0, 0.0, 0.0, 0.0, 0.0, 0.0, 0.0, 0.0, 0.0, 0.0, 0.0, 0.0, 0.0, 0.0, 0.0, 0.0, 0.0, 0.0, 0.0, 0.0, 0.0, 0.0, 0.0, 0.0, 0.0, 0.0, 0.0, 0.0, 0.0, 0.0, 0.0, 0.0, 0.0, 0.0, 0.0, 0.0, 0.0, 0.0, 0.0, 0.0, 0.0, 0.0, 0.0, 0.0, 0.0, 0.0, 0.0, 0.0, 0.0, 0.0, 0.0, 0.0, 0.0, 0.0, 0.0, 0.0, 0.0, 0.0, 0.0, 0.0, 0.0, 0.0, 0.0, 0.0, 0.0, 0.0, 0.0, 0.0, 0.0, 0.0, 0.0, 0.0, 0.0, 0.0, 0.0, 0.0, 0.0, 0.0, 0.0, 0.0, 0.0, 0.0, 0.0]"
https://www.theguardian.com/technology/artificialintelligenceai,362,24,59.68571785051071,2025|ai|intelligence|10|models,"[0.07584, 0.82373, 0.0, 0.0, 0.0, 0.0, 0.0, 0.0, 0.53986, 0.0, 0.0, 0.0, 0.0, 0.0, 0.0, 0.04656, 0.03345, 0.0, 0.0, 0.0, 0.0, 0.0, 0.0, 0.0, 0.0, 0.0, 0.0, 0.0, 0.0, 0.0, 0.0, 0.0, 0.0, 0.0, 0.0, 0.0, 0.0, 0.04378, 0.03856, 0.0, 0.0, 0.0, 0.0, 0.0, 0.0, 0.08757, 0.0, 0.0, 0.0, 0.0, 0.0, 0.0, 0.0, 0.0, 0.0, 0.0, 0.0, 0.0, 0.04758, 0.0, 0.0, 0.02943, 0.0, 0.0, 0.0, 0.0, 0.0, 0.0, 0.04378, 0.0, 0.0, 0.0, 0.0, 0.0, 0.0, 0.0, 0.0, 0.0, 0.0, 0.0, 0.04137, 0.0, 0.03296, 0.0, 0.0, 0.0, 0.0, 0.0, 0.0, 0.0, 0.0, 0.0, 0.03396, 0.03025, 0.0, 0.0, 0.0, 0.0, 0.0, 0.0]"
https://apnews.com/hub/artificial-intelligence,1192,11,-56.36285867978174,day|ago|ai|google|new,"[0.0, 0.0, 0.0, 0.0, 0.0, 0.0, 0.0, 0.68285, 0.15952, 0.0, 0.00844, 0.0, 0.0, 0.0, 0.0, 0.0, 0.00554, 0.0, 0.0, 0.0, 0.0, 0.0, 0.0, 0.0, 0.0, 0.0, 0.71125, 0.0, 0.0, 0.0, 0.0, 0.0, 0.0, 0.0, 0.0, 0.0, 0.0, 0.00725, 0.0319, 0.0, 0.00588, 0.0, 0.0, 0.0, 0.0, 0.00725, 0.0, 0.0, 0.0, 0.0, 0.0, 0.00508, 0.0, 0.0, 0.0, 0.0, 0.00638, 0.0, 0.0, 0.0, 0.0, 0.02435, 0.0, 0.00598, 0.0, 0.0, 0.0, 0.0, 0.0, 0.0, 0.00754, 0.0, 0.0, 0.0, 0.0, 0.0, 0.0, 0.0066, 0.0, 0.0, 0.00685, 0.0, 0.0, 0.0, 0.0, 0.0, 0.0, 0.0, 0.0, 0.0, 0.0, 0.00588, 0.01124, 0.01001, 0.0, 0.0, 0.0, 0.00554, 0.0, 0.0]"
https://abcnews.go.com/alerts/technology,2081,67,39.67984070034444,ago|2025|new|x27|amazon,"[0.06525, 0.26153, 0.0, 0.0, 0.0, 0.0, 0.02003, 0.91365, 0.07464, 0.0, 0.0878, 0.0, 0.0, 0.02294, 0.00741, 0.0, 0.0, 0.00961, 0.0, 0.0, 0.0, 0.0, 0.00753, 0.01813, 0.00829, 0.02677, 0.01813, 0.0, 0.0, 0.01605, 0.0, 0.0, 0.0, 0.0, 0.0, 0.0, 0.0, 0.0, 0.0, 0.0, 0.02294, 0.0, 0.0, 0.0, 0.00699, 0.02825, 0.0, 0.00789, 0.00765, 0.0, 0.0, 0.0198, 0.0, 0.00719, 0.0, 0.0, 0.02488, 0.01921, 0.0, 0.0, 0.00874, 0.20256, 0.0, 0.03107, 0.0, 0.0, 0.0, 0.0, 0.0, 0.0, 0.0, 0.03292, 0.0, 0.02575, 0.02195, 0.0, 0.0, 0.02575, 0.0, 0.0, 0.0, 0.0, 0.02127, 0.0, 0.0, 0.0, 0.0, 0.0, 0.0, 0.0, 0.03647, 0.0, 0.04382, 0.01301, 0.0, 0.0, 0.01353, 0.0, 0.0, 0.15663]"
